업종명,업소명,소재지(도로명),소재지(지번)
휴게음식점,까페티파니,"경상북도 구미시 산호대로 218, 2동 1층 (공단동)",경상북도 구미시 공단동 257-16 1층 2동 
휴게음식점,감성카페경다방,경상북도 구미시 해평면 해평시장3길 2,경상북도 구미시 해평면 낙성리 138-25 
휴게음식점,카페올래구미역점,"경상북도 구미시 구미중앙로 76 (원평동,외18필지 3층)",경상북도 구미시 원평동 1008-1 외18필지 3층 
휴게음식점,모링가식품카페,"경상북도 구미시 역전로4길 10, 1층 (원평동)",경상북도 구미시 원평동 185-13 1층 
휴게음식점,카페콩티,"경상북도 구미시 선산읍 선주로 111, 1층",경상북도 구미시 선산읍 완전리 47-1 1층 
휴게음식점,낭랑카페,"경상북도 구미시 신시로16길 67, 지하 1층 (송정동)",경상북도 구미시 송정동 458-1 지하 1층 
휴게음식점,카페카리타스3호점,"경상북도 구미시 송정대로 55, 구미시청카페(열린나래) 1,2층 (송정동)","경상북도 구미시 송정동 50 구미시청카페(열린나래) 1,2층 "
휴게음식점,플라워카페화앤담,"경상북도 구미시 인동북길 117, 1층 (인의동, 새천년사우나)",경상북도 구미시 인의동 701-8 새천년사우나 1층 
휴게음식점,디저트카페화양연화,"경상북도 구미시 사곡로1길 30, 1층 (사곡동)",경상북도 구미시 사곡동 676-2 1층 
휴게음식점,카페웜앤코지,"경상북도 구미시 문장로12길 15-3, 1층 (도량동)",경상북도 구미시 도량동 741-6 1층 
휴게음식점,홍락건강앤카페,"경상북도 구미시 고아읍 문장로25길 6-17, 1층",경상북도 구미시 고아읍 원호리 427-12 1층 
휴게음식점,전망대카페360,"경상북도 구미시 도개면 궁기1길 16-10, 4층",경상북도 구미시 도개면 궁기리 815-103 4층 
휴게음식점,배달의카페원호문성점,"경상북도 구미시 고아읍 문장로27길 10, 1층",경상북도 구미시 고아읍 원호리 411-5 1층 
휴게음식점,다섬떡앤드카페,"경상북도 구미시 도봉로 76-55, 번개시장 B동 1층 A-109,110호 (도량동)","경상북도 구미시 도량동 226 번개시장 1층 A-109,110호 B동 "
휴게음식점,하매과일카페2호점,"경상북도 구미시 신시로10길 98-19, 1층 (송정동)",경상북도 구미시 송정동 489-10 1층 
휴게음식점,점순이네호떡카페,"경상북도 구미시 금오산로20길 10, 1층 (원평동)",경상북도 구미시 원평동 410-10 1층 
휴게음식점,슈의라면카페,"경상북도 구미시 도봉로1길 4-29, 1층 (봉곡동)",경상북도 구미시 봉곡동 17-1 1층 
휴게음식점,더홀릭보드게임카페구미역점,"경상북도 구미시 문화로 21, 2층 (원평동)",경상북도 구미시 원평동 150-6 2층 
휴게음식점,캠토커피전문점 터미널점,경상북도 구미시 송원동로 72 (원평동),경상북도 구미시 원평동 1073-1 
휴게음식점,쥬씨구평점,"경상북도 구미시 인동36길 24-2, 1-3호 (진평동)",경상북도 구미시 진평동 85-6 1-3호 
휴게음식점,커피야,"경상북도 구미시 봉곡로 170, 3층 (봉곡동)",경상북도 구미시 봉곡동 183-2 3층 
휴게음식점,스타벅스구미인동점,"경상북도 구미시 인동가산로 9-3 (황상동,외1필지 101호)",경상북도 구미시 황상동 305-26 외1필지 101호 
휴게음식점,리베,경상북도 구미시 금오산로 400 (남통동),경상북도 구미시 남통동 산 24-9 외 3필지 
휴게음식점,빽다방구미구평롯데점,"경상북도 구미시 인동36길 21 (구평동,1층)",경상북도 구미시 구평동 450-3 1층 
휴게음식점,핸즈커피 원호점,"경상북도 구미시 고아읍 문장로26길 3 (낙원상가 105호,106호)","경상북도 구미시 고아읍 원호리 448-7 낙원상가 105호,106호 "
휴게음식점,바이커스캠프호두당,"경상북도 구미시 구미대로12길 5, 1층 (광평동)",경상북도 구미시 광평동 526-6 1층 
휴게음식점,카페트리,"경상북도 구미시 금오산로 419 (남통동,호텔금오산 1층)",경상북도 구미시 남통동 산 24-12 호텔금오산 1층 
휴게음식점,핸즈커피인동점,경상북도 구미시 여헌로 32-5 (인의동),경상북도 구미시 인의동 597-8 
휴게음식점,스타벅스구미공단점,"경상북도 구미시 1공단로 212 (공단동, 구미한라시그마밸리 106호)",경상북도 구미시 공단동 260-10 구미한라시그마밸리 106호 
휴게음식점,할리스구미시청점,"경상북도 구미시 송정대로 54, 1, 2층 (송정동)","경상북도 구미시 송정동 459 1, 2층 "
휴게음식점,더벤티진평점,"경상북도 구미시 인동36길 24-4, 1층 (진평동)",경상북도 구미시 진평동 85-7 1층 
휴게음식점,커피온,"경상북도 구미시 형곡서로 122, 상가동 105호 (형곡동, 풍림1단지)",경상북도 구미시 형곡동 146 풍림1단지 상가동 105호 
휴게음식점,파스쿠찌구미인동점,경상북도 구미시 인동남길 130 (진평동),경상북도 구미시 진평동 61-1 외2필지 1층 
휴게음식점,커피집,"경상북도 구미시 봉곡로18길 29, 1층 (봉곡동)",경상북도 구미시 봉곡동 227-6 1층 
휴게음식점,이디야커피구미인동점,"경상북도 구미시 인동가산로 14, 1층 106호 (진평동, 시네마월드)",경상북도 구미시 진평동 1023-1 시네마월드 106호
휴게음식점,디저트39구미옥계점,"경상북도 구미시 산호대로31길 6, 2층 (옥계동)",경상북도 구미시 옥계동 739-3 2층 
휴게음식점,카페인,"경상북도 구미시 옥계북로 22, 타워밸리 1동 2층 202호 (옥계동)",경상북도 구미시 옥계동 832-4 타워밸리 2층 1동 202호
휴게음식점,밤실다락,"경상북도 구미시 문장로12길 15, 1층 (도량동)",경상북도 구미시 도량동 741-9 1층 
휴게음식점,드롭탑구미원평점,"경상북도 구미시 구미중앙로15길 8, 1, 2층 (원평동)","경상북도 구미시 원평동 377-1 1층, 2층 "
휴게음식점,로작커피,"경상북도 구미시 신시로17길 3, 1층 (형곡동)",경상북도 구미시 형곡동 104 1층 
휴게음식점,로또디온리블루,"경상북도 구미시 인동46길 9, 1층 (구평동)",경상북도 구미시 구평동 463-5 1층 
휴게음식점,녹스커피,"경상북도 구미시 장천면 강동로 188, 1층",경상북도 구미시 장천면 상장리 887-6 1층 
휴게음식점,카페톤,"경상북도 구미시 선산읍 선산중앙로 74, 1층",경상북도 구미시 선산읍 완전리 73-1 1층 
휴게음식점,커피할배순천향점,"경상북도 구미시 1공단로 179, 1층 (공단동)",경상북도 구미시 공단동 250 1층 
휴게음식점,스타벅스구미금오산디티점,"경상북도 구미시 금오산로 205, 1동 1,2층 (남통동)","경상북도 구미시 남통동 414-4 1동 1,2층 "
휴게음식점,맘스터치구평점,"경상북도 구미시 인동38길 5-1, 1층 (구평동)",경상북도 구미시 구평동 447-2 1층 
휴게음식점,플로렌스,"경상북도 구미시 봉곡로18길 31, 1,2층 (봉곡동)","경상북도 구미시 봉곡동 226-6 1,2층 "
휴게음식점,할리스커피구미CGV점,"경상북도 구미시 구미중앙로 44, 1층 (원평동, 멀티복합상가)",경상북도 구미시 원평동 68-1 외1필지 멀티복합상가 1층 
휴게음식점,카페숲,"경상북도 구미시 해평면 도리사로 403-3, A동 2층",경상북도 구미시 해평면 송곡리 398-4 2층 A동 
휴게음식점,카페카리타스,"경상북도 구미시 박정희로 123, 9동 2층 (상모동)",경상북도 구미시 상모동 156-1 2층 9동 
휴게음식점,아이올라,"경상북도 구미시 야은로13길 14, 1층 (봉곡동)",경상북도 구미시 봉곡동 15-2 1층 
휴게음식점,요거프레소봉곡테마공원점,"경상북도 구미시 봉곡남로17길 18, 1층 (봉곡동)",경상북도 구미시 봉곡동 227-10 1층 
휴게음식점,설빙경북구미봉곡점,"경상북도 구미시 봉곡로18길 35, 2층 (봉곡동)",경상북도 구미시 봉곡동 225-10 2층 
휴게음식점,(주)삼연,"경상북도 구미시 야은로 119, 1층 (부곡동)",경상북도 구미시 부곡동 185-2 외1필지 1층 
휴게음식점,커피엔,"경상북도 구미시 야은로 753, 1층 1호 (신평동)",경상북도 구미시 신평동 27 1층 1호
휴게음식점,매스구미점,"경상북도 구미시 인동가산로 11, 105호 (황상동)",경상북도 구미시 황상동 314-20 105호 
휴게음식점,더카페구미이마트점,"경상북도 구미시 구미대로 256, 1층 (광평동, 이마트구미점)",경상북도 구미시 광평동 65-1 1층 이마트구미점 
휴게음식점,앨리스스토리카페,"경상북도 구미시 문장로12길 29-5, 102호 (도량동)",경상북도 구미시 도량동 748-3 102호 
휴게음식점,공차구미점,"경상북도 구미시 구미중앙로 97, 1층 2층 (원평동)",경상북도 구미시 원평동 381-4 1층 2층 
휴게음식점,분다,"경상북도 구미시 봉곡로15길 59, 1층 (봉곡동)",경상북도 구미시 봉곡동 196-9 1층 
휴게음식점,파스쿠찌구미봉곡점,"경상북도 구미시 봉곡남로25길 3, 1층,2층 (봉곡동)","경상북도 구미시 봉곡동 297-7 1,2층 "
휴게음식점,선산산업(주)선산휴게소상지점엔제리너스,"경상북도 구미시 옥성면 중부내륙고속도로 128, 24동 1층 (선산휴게소 상행선)",경상북도 구미시 옥성면 대원리 1-1 선산휴게소(상행선)외5필지 1층 24동 
휴게음식점,놀이터매점,"경상북도 구미시 금오산로 339, 1층 (남통동, 금오랜드)",경상북도 구미시 남통동 253 금오랜드1층 
휴게음식점,선산산업(주)선산휴게소하지점할리스커피,"경상북도 구미시 옥성면 중부내륙고속도로 129, 24동 1층 (선산휴게소 하행선)",경상북도 구미시 옥성면 대원리 86-6 외6필지 선산휴게소 하행선 24동 1층 
휴게음식점,맘인더가든,"경상북도 구미시 공원로 349, 1층 (형곡동)",경상북도 구미시 형곡동 289-6 1층 
휴게음식점,걷다보면,"경상북도 구미시 산책길 31, 1층 (원평동)",경상북도 구미시 원평동 470-2 1층 
휴게음식점,카페휴림,"경상북도 구미시 고아읍 선산대로 625, 나동 1층",경상북도 구미시 고아읍 봉한리 426-7 나동 1층 
휴게음식점,이디야커피구미봉곡점,"경상북도 구미시 야은로 299, 1층 101호 (도량동)",경상북도 구미시 도량동 228-2 1층 101호
휴게음식점,봄봄구미점,"경상북도 구미시 문화로 36-1, 1층 (원평동)",경상북도 구미시 원평동 370-2 1층 
휴게음식점,이디야커피동구미이마트점,"경상북도 구미시 이계북로 23, 2층 (임수동, 동구미이마트)",경상북도 구미시 임수동 92-28 동구미이마트 2층 
휴게음식점,소소한풍경,"경상북도 구미시 봉곡서로 50, 1층 (봉곡동)",경상북도 구미시 봉곡동 146-7 1층 
휴게음식점,카페다오,"경상북도 구미시 산동읍 강동로 694-3, 1동 1층",경상북도 구미시 산동읍 인덕리 29-7 외 1필지 1동 1층 
휴게음식점,요거트퍼플엔드스퀘어상모,"경상북도 구미시 상사동로 41, B동 1층 (상모동)",경상북도 구미시 상모동 67-4 1층 B동 
휴게음식점,커피볶는이야기,"경상북도 구미시 인동54안길 15, 1층 (구평동)",경상북도 구미시 구평동 1009 1층 
휴게음식점,미소다방,"경상북도 구미시 금오시장로9길 8, 1층 (원평동)",경상북도 구미시 원평동 1022-12 1층 
휴게음식점,더벤티구미원평점,"경상북도 구미시 문화로 33, 1층 (원평동)",경상북도 구미시 원평동 374-18 1층 
휴게음식점,스타벅스구미시청디티점,경상북도 구미시 송정대로 27 (송정동),경상북도 구미시 송정동 33-11 
휴게음식점,투썸플레이스구미들성공원점,경상북도 구미시 고아읍 들성로 179 (1층),경상북도 구미시 고아읍 문성리 636 1층 
휴게음식점,카페봄봄구미북삼점,"경상북도 구미시 금오대로 294-1 (오태동, 1층)",경상북도 구미시 오태동 742-12 1층 
휴게음식점,파스쿠찌신평대로점,"경상북도 구미시 구미대로 326 (신평동, 대금빌딩 103,104,105호)","경상북도 구미시 신평동 326-2 대금빌딩 103,104,105호 "
휴게음식점,더벤티상모점,"경상북도 구미시 상사서로 55 (상모동, 상모프라자 1층 119-1호)",경상북도 구미시 상모동 32-6 상모프라자 1층 119-1호 
휴게음식점,마리크,"경상북도 구미시 해마루공원로 21 (구포동, 1층)",경상북도 구미시 구포동 1079 1층 
휴게음식점,이디야커피구미역점,"경상북도 구미시 구미중앙로 84 (원평동, 1,2층)","경상북도 구미시 원평동 1008-46 1,2층 "
휴게음식점,더리얼초코,"경상북도 구미시 구미중앙로15길 19, 3동 1층 (원평동)",경상북도 구미시 원평동 153-16 1층 3동 
휴게음식점,카페100,"경상북도 구미시 선산읍 남문로3길 26-3, 1층",경상북도 구미시 선산읍 완전리 100 1층 
휴게음식점,이디야커피구미황상점,"경상북도 구미시 검성로 42-3, 1층 (황상동)",경상북도 구미시 황상동 203-19 1층 
휴게음식점,이득카페,"경상북도 구미시 봉곡남로 127, 2층 (봉곡동)",경상북도 구미시 봉곡동 294-8 2층 
휴게음식점,카페카리타스송정점,"경상북도 구미시 백산로 118, 1층 (송정동, 구미종합고용지원센터)",경상북도 구미시 송정동 52-4 구미종합고용지원센터 1층 
휴게음식점,이디야커피구미옥계동점,"경상북도 구미시 산호대로23길 35 (옥계동, 1층)",경상북도 구미시 옥계동 631-10 1층 
휴게음식점,스타벅스구미옥계점,"경상북도 구미시 옥계북로 20, 1층 (옥계동)",경상북도 구미시 옥계동 832-3 1층 
휴게음식점,22번가,"경상북도 구미시 금오산로22길 23, 2층 (원평동)",경상북도 구미시 원평동 401-7 2층 
휴게음식점,핸즈커피구미비산점,"경상북도 구미시 비산로1길 32, 1,2층 (비산동)","경상북도 구미시 비산동 442-3 1,2층 "
휴게음식점,더벤티구미롯데마트점,"경상북도 구미시 구미대로22길 11 (신평동, 롯데마트 구미점)",경상북도 구미시 신평동 465 롯데마트 구미점 
휴게음식점,샤론카페,"경상북도 구미시 선기로2길 5-66, 1층 (선기동)",경상북도 구미시 선기동 747-118 1층 
휴게음식점,더벤티도량점,"경상북도 구미시 도봉로 76-61, 1층 104호 (도량동)",경상북도 구미시 도량동 225-1 1층 104호
휴게음식점,까페오즈,"경상북도 구미시 신비로 9-3, 1층 (신평동)",경상북도 구미시 신평동 70-269 1층 
휴게음식점,요거프레소인동점,"경상북도 구미시 인동15길 5, 1층 101호 (인의동)",경상북도 구미시 인의동 687-5 섬계빌딩 1층 101호
휴게음식점,달콤청춘,"경상북도 구미시 문화로 40, 1층 (원평동)",경상북도 구미시 원평동 370-15 1층 
휴게음식점,이모션캐슬스토어구미점,"경상북도 구미시 금오산로 339, 6동 1,2층 (남통동, 금오랜드)","경상북도 구미시 남통동 253 금오랜드 1,2층 6동 "
휴게음식점,이디야커피구미시청점,"경상북도 구미시 송원서로 29, 1층 (송정동)",경상북도 구미시 송정동 35-17 1층 
휴게음식점,퍼블릭커피로스터즈,"경상북도 구미시 산동읍 첨단기업1로 42, 1동 1층",경상북도 구미시 산동읍 봉산리 385 1층 1동 
휴게음식점,이디야커피인동중앙점,"경상북도 구미시 인동중앙로6길 39, 1동 1층 (인의동)",경상북도 구미시 인의동 488 1층 1동 
휴게음식점,커피마루,"경상북도 구미시 인동남길 72, 1층 (진평동)",경상북도 구미시 진평동 5-6 1층 
휴게음식점,시골카페,"경상북도 구미시 선산읍 선산중앙로8길 14, 1층",경상북도 구미시 선산읍 이문리 113 1층 
휴게음식점,커피핫이또,"경상북도 구미시 인동38길 9-16, B동 1층 102호 (구평동, 구평동종합프라자)",경상북도 구미시 구평동 449-8 구평동종합프라자 1층 B동 102호
휴게음식점,카페도란도란,"경상북도 구미시 송정대로6길 51-1, 1층 (송정동)",경상북도 구미시 송정동 483-5 1층 
휴게음식점,이디야커피구미구평점,"경상북도 구미시 인동43길 5-7, B동 1층 (구평동, 강동빌딩)",경상북도 구미시 구평동 434-9 강동빌딩 1층 B동 
휴게음식점,감성커피동락공원점,"경상북도 구미시 3공단2로 307, A동 1층 (임수동)",경상북도 구미시 임수동 92-24 1층 A동 
휴게음식점,올데이커피,"경상북도 구미시 금오산로22길 30, 1,2층 (원평동)","경상북도 구미시 원평동 411-18 1,2층 "
휴게음식점,히든오아시스구미구평점,"경상북도 구미시 인동북길 175, 1층 (구평동)",경상북도 구미시 구평동 440-21 1층 
휴게음식점,나눔카페,"경상북도 구미시 수출대로 337, 2층 (임수동)",경상북도 구미시 임수동 401-3 2층 
휴게음식점,플루800,"경상북도 구미시 도봉로 78, 1층 106호 (도량동, i코아상가)",경상북도 구미시 도량동 229-1 i코아상가 1층 106호
휴게음식점,제이커피,"경상북도 구미시 봉곡로 20, 1동 2층 (선기동, 구미칠곡축산농협종합유통센터)",경상북도 구미시 선기동 458-1 구미칠곡축산농협종합유통센터 2층 1동 
휴게음식점,디저트39형곡송정점,"경상북도 구미시 송정대로 11, 1층 (송정동)",경상북도 구미시 송정동 27-8 1층 
휴게음식점,잇츠토스트,"경상북도 구미시 신비로4길 22, 1층 (신평동)",경상북도 구미시 신평동 175-9 1층 
휴게음식점,메가엠지씨커피구미옥계점,"경상북도 구미시 산호대로 793, 1층 (옥계동)",경상북도 구미시 옥계동 639-3 1층 
휴게음식점,선산산업(주)선산휴게소하지점드롭탑,"경상북도 구미시 옥성면 중부내륙고속도로 129, 1층 (선산휴게소(하행선))",경상북도 구미시 옥성면 대원리 86-6 선산휴게소(하행선)1층 
휴게음식점,미라벨,"경상북도 구미시 선산읍 선상서로14길 19-17, 1동 1층",경상북도 구미시 선산읍 이문리 707-7 1층 1동 
휴게음식점,롤링핀구미강동점,"경상북도 구미시 인동가산로 599, 2층 (신동)",경상북도 구미시 신동 68 2층 
휴게음식점,메가엠지씨커피구미도량점,"경상북도 구미시 도봉로 82, 1층 105호 (도량동, GMG프라자)",경상북도 구미시 도량동 229-3 GMG프라자 1층 105호
휴게음식점,에치크,"경상북도 구미시 인동31길 28-39, 1층 (인의동)",경상북도 구미시 인의동 991-5 1층 
휴게음식점,마브삼일문고점,"경상북도 구미시 금오시장로 6, 1층 (원평동)",경상북도 구미시 원평동 1032-7 
휴게음식점,정커피,"경상북도 구미시 신비로 165, 1층 (비산동)",경상북도 구미시 비산동 76-4 1층 
휴게음식점,봄봄선산점,"경상북도 구미시 선산읍 남문로 43-1, 1층",경상북도 구미시 선산읍 완전리 213-5 1층 
휴게음식점,빈틈,"경상북도 구미시 인동38길 5-16, 1층 (구평동)",경상북도 구미시 구평동 448-8 1층 
휴게음식점,구미지역자활센터카페카리타스5호점,"경상북도 구미시 인동가산로 392, 1층 (구평동, 강동문화복지회관)",경상북도 구미시 구평동 241-3 강동문화복지회관 1층 
휴게음식점,오후엔,경상북도 구미시 인동35길 19 (인의동),경상북도 구미시 인의동 997-2 
휴게음식점,드롭탑 낙동강구미휴게소,"경상북도 구미시 도개면 용산3길 122-65, 1동 1층 (낙동강구미휴게소)",경상북도 구미시 도개면 궁기리 180-3 낙동강구미휴게소 1동 
휴게음식점,엔제리너스 낙동강구미휴게소,"경상북도 구미시 도개면 용산3길 122-65, 1동 1층 (낙동강구미휴게소)",경상북도 구미시 도개면 궁기리 180-3 낙동강구미휴게소 1동 
휴게음식점,이디야구미금오산점,"경상북도 구미시 금오산로 164, 1층 (남통동)",경상북도 구미시 남통동 99-1 1층 
휴게음식점,디즈데이즈,"경상북도 구미시 산동읍 첨단기업1로 52, 1층",경상북도 구미시 산동읍 봉산리 385-10 1층 
휴게음식점,카페콩,"경상북도 구미시 산동읍 신당인덕2로3길 8-8, 1층",경상북도 구미시 산동읍 신당리 0 1층 
휴게음식점,커피콩시청점,"경상북도 구미시 송원서로 19, 1층 (송정동)",경상북도 구미시 송정동 35-6 1층 
휴게음식점,커피팀버구미역점,"경상북도 구미시 역전로 36, 1,2,3층 (원평동)","경상북도 구미시 원평동 188-34 1,2,3층 "
휴게음식점,오구오구,"경상북도 구미시 인동36길 15, 구평메디칼센터 1층 104호 (구평동)",경상북도 구미시 구평동 450-1 1층 104호
휴게음식점,초원커피,"경상북도 구미시 금오산로3길 8-2, 1층 (원평동)",경상북도 구미시 원평동 964-105 1층 
휴게음식점,메가커피금오공대점,"경상북도 구미시 대학로 52-3, 4동 1층 (거의동)",경상북도 구미시 거의동 467-3 1층 4동 
휴게음식점,커피인장명달원평점,"경상북도 구미시 금오산로22길 29, 3층 (원평동)",경상북도 구미시 원평동 397-4 3층 
휴게음식점,카페쑤,"경상북도 구미시 인동6길 20-1, 1층 (진평동)",경상북도 구미시 진평동 536 1층 
휴게음식점,말숙,"경상북도 구미시 옥계북로1길 8-8, 1층 (옥계동)",경상북도 구미시 옥계동 887-4 1층 
휴게음식점,더벤티옥계부영점,"경상북도 구미시 산호대로25길 42, 1층 (옥계동)",경상북도 구미시 옥계동 618-13 1층 
휴게음식점,더벤티구미확장단지점,"경상북도 구미시 산동읍 신당1로3길 19, 1동 1층 103호 (골드타워)",경상북도 구미시 산동읍 신당리 0 골드타워 1층 1동 103호
휴게음식점,메가커피구미확장단지점,"경상북도 구미시 산동읍 신당1로2길 15, 1층 110호",경상북도 구미시 산동읍 신당리 0 1층 110호
휴게음식점,투썸플레이스구미지세븐스퀘어점,"경상북도 구미시 야은로 296, 1층 9,10호 (봉곡동)",경상북도 구미시 봉곡동 36 
휴게음식점,카페다비다,"경상북도 구미시 구미대로32길 7, 1층 (신평동)",경상북도 구미시 신평동 168-23 1층 
휴게음식점,커피374,"경상북도 구미시 임은길 51, 세이브 마트 1층 (임은동)",경상북도 구미시 임은동 374 세이브 마트 1층 
휴게음식점,앙버터,"경상북도 구미시 원남로10길 10, 1층 (원평동)",경상북도 구미시 원평동 440-3 1층 
휴게음식점,오토프로잭트,"경상북도 구미시 인동31길 13-9, 1층 (인의동)",경상북도 구미시 인의동 1001-1 1층 
휴게음식점,담꼬,"경상북도 구미시 고아읍 문장로27길 14, 1층 102호",경상북도 구미시 고아읍 원호리 410-5 1층 102호
휴게음식점,블랙라인커피옥계점,"경상북도 구미시 산호대로29길 8-3, 코스모빌딩 1층 103호 (옥계동)",경상북도 구미시 옥계동 841-1 코스모빌딩 1층 103호
휴게음식점,카페드롭탑구미점,"경상북도 구미시 금오산로 174-6, 1층 (남통동)",경상북도 구미시 남통동 100-12 1층 
휴게음식점,커피를합니다,"경상북도 구미시 광평길 41, 1층 (광평동)",경상북도 구미시 광평동 88-10 1층 
휴게음식점,배달의카페,"경상북도 구미시 상모로10길 45, 화성파크프레지던트2단지 1층 102호 (상모동)",경상북도 구미시 상모동 70 화성파크프레지던트2단지 102호
휴게음식점,투썸플레이스구미신평점,"경상북도 구미시 구미대로 409, 1층 109,110,111호 (신평동)","경상북도 구미시 신평동 150-61 1층 109,110,111호 "
휴게음식점,투썸플레이스구미옥계점,"경상북도 구미시 산호대로29길 20-12, 1층 (옥계동)",경상북도 구미시 옥계동 835-4 1층 
휴게음식점,오브유,"경상북도 구미시 문장로 84, 1층 (도량동)",경상북도 구미시 도량동 792-162 1층 
휴게음식점,33어울림,"경상북도 구미시 고아읍 선산대로 468-8, 1층",경상북도 구미시 고아읍 송림리 318-6 1층 
휴게음식점,디포인트커피,"경상북도 구미시 금오산로16길 15, 1층 (원평동)",경상북도 구미시 원평동 435-30 1층 
휴게음식점,할리스구미금오산DI점,"경상북도 구미시 금오산로 209, 1,2층 (남통동)","경상북도 구미시 남통동 135-1 1,2층 "
휴게음식점,미카커피,"경상북도 구미시 흥안로 48, 에덴아파트 209동 1층 109호 (옥계동)",경상북도 구미시 옥계동 543 에덴아파트 1층 209동 109호
휴게음식점,블루에이,"경상북도 구미시 송선로4길 49-72, 1층 (선기동)",경상북도 구미시 선기동 158 1층 
휴게음식점,텀브커피구미대학교점,"경상북도 구미시 부곡1길 38-2, 1층 (부곡동)",경상북도 구미시 부곡동 511 1층 
휴게음식점,에스티엘,"경상북도 구미시 대학동로 11-22, 1층 (거의동)",경상북도 구미시 거의동 469-5 1층 
휴게음식점,봄봄봉곡점,"경상북도 구미시 봉곡로 108, 명성빌딩 1층 (봉곡동)",경상북도 구미시 봉곡동 378-4 명성빌딩 1층 
휴게음식점,마는녀자,"경상북도 구미시 산동읍 첨단기업1로 34, 1동 1층",경상북도 구미시 산동읍 봉산리 380-7 1층 1동 
휴게음식점,미쁘다진,"경상북도 구미시 고아읍 문장로 195, 1층",경상북도 구미시 고아읍 원호리 441 1층 
휴게음식점,커피에반하다옥계점,"경상북도 구미시 흥안로 35, 동화타운 상가1동 1층 112호 (옥계동)",경상북도 구미시 옥계동 545 동화타운 상가1동 112호
휴게음식점,카세트커피,"경상북도 구미시 1공단로7길 86-9, 1층 (공단동)",경상북도 구미시 공단동 201 1층 
휴게음식점,범산목장구미진평점,"경상북도 구미시 인동남길 146, 1층 102호 (진평동)",경상북도 구미시 진평동 63-2 
휴게음식점,안녕마카롱,"경상북도 구미시 도봉로1길 8-1, 1층 (봉곡동)",경상북도 구미시 봉곡동 15-9 1층 
휴게음식점,왕가예찬,"경상북도 구미시 왕산로 9, 1동 1,2층 (임은동)","경상북도 구미시 임은동 246-3 1,2층 1동 "
휴게음식점,선산산업(주)선산휴게소상지점드롭탑,"경상북도 구미시 옥성면 중부내륙고속도로 128, 선산휴게소 25동 1층",경상북도 구미시 옥성면 대원리 1-1 선산휴게소 1층 25동 
휴게음식점,커피팀버문성점,"경상북도 구미시 고아읍 들성로 183, 1동 1,2층","경상북도 구미시 고아읍 문성리 632-3 1,2층 1동 "
휴게음식점,스타벅스구미도량디티점,"경상북도 구미시 야은로 312, 1,2층 (도량동)","경상북도 구미시 도량동 315 1,2층 "
휴게음식점,메가엠지씨커피구미역점,"경상북도 구미시 구미중앙로13길 3, 1층 (원평동)",경상북도 구미시 원평동 96-3 1층 
휴게음식점,카페루앤비구미옥계점,"경상북도 구미시 해마루공원로 113, 구미옥계우미린 상가동 1층 107호 (옥계동)",경상북도 구미시 옥계동 906 구미옥계우미린 1층 상가동 107호
휴게음식점,더벤티구미인동점,"경상북도 구미시 인동중앙로1길 17, 1층 (황상동)",경상북도 구미시 황상동 313-5 1층 
휴게음식점,디저트39문성점,"경상북도 구미시 고아읍 들성로 170, 1층",경상북도 구미시 고아읍 원호리 77-2 1층 
휴게음식점,더벤티송정점,"경상북도 구미시 백산로 66, 1층 (송정동)",경상북도 구미시 송정동 10-2 1층 
휴게음식점,카페마그금오시장점,"경상북도 구미시 구미중앙로35길 23, 1층 (원평동)",경상북도 구미시 원평동 1046-9 1층 
휴게음식점,예가쳎,"경상북도 구미시 인동가산로 588-27, 1동 2층 (신동)",경상북도 구미시 신동 41 2층 1동 
휴게음식점,몽떼0303,"경상북도 구미시 원남로 12-2, 1층 (남통동)",경상북도 구미시 남통동 13-19 1층 
휴게음식점,문화공간봄,"경상북도 구미시 선산읍 선주로 131, 1동 2층",경상북도 구미시 선산읍 동부리 547-12 2층 1동 
휴게음식점,빌리브라운문성점,"경상북도 구미시 고아읍 문성로 34, 서희스타힐스 상가124동 1층 115호",경상북도 구미시 고아읍 문성리 0 도시개발구역 1블록 2로트 1층 상가124동 115호
휴게음식점,카페보스구미진평점,"경상북도 구미시 인동16길 5, 1층 (진평동)",경상북도 구미시 진평동 9-1 1층 
휴게음식점,백운옥,"경상북도 구미시 인동35길 38, 4동 1층, 지하1층 (구평동)","경상북도 구미시 구평동 551-15 1층, 지하1층 4동 "
휴게음식점,카페풀,"경상북도 구미시 신비로 147, 지하1층 (비산동)",경상북도 구미시 비산동 391-4 지하1층 
휴게음식점,카페백운옥,"경상북도 구미시 인동35길 40, 1, 2층 (구평동)","경상북도 구미시 구평동 551-2 1, 2층 "
휴게음식점,얌얌떡볶이옥계산동구포점,"경상북도 구미시 흥안로 5, 1층 (옥계동)",경상북도 구미시 옥계동 559-2 1층 
휴게음식점,재니당,"경상북도 구미시 장천면 하장3길 28, 1동 1층",경상북도 구미시 장천면 하장리 967-5 1층 1동 
휴게음식점,공차구미옥계점,"경상북도 구미시 옥계북로 36, 메디칼타워 1층 105호 (옥계동)",경상북도 구미시 옥계동 834-1 1층 105호
휴게음식점,이디야구미확장단지점,"경상북도 구미시 산동읍 신당2로 29, 1동 1층 101,102호","경상북도 구미시 산동읍 신당리 1431 1층 101,102호 1동 "
휴게음식점,산책34,"경상북도 구미시 봉곡북로 34, 1층 (봉곡동)",경상북도 구미시 봉곡동 186-3 1층 
휴게음식점,스타벅스구미상모디티점,"경상북도 구미시 금오대로 439, 1동 1,2층 (상모동)","경상북도 구미시 상모동 478-6 1,2층 1동 "
휴게음식점,아마스빈,"경상북도 구미시 구미중앙로 95, 1층 (원평동)",경상북도 구미시 원평동 381-5 1층 
휴게음식점,하삼동커피확장단지점,"경상북도 구미시 산동읍 신당1로2길 14, 1동 1층",경상북도 구미시 산동읍 신당리 1447 1층 1동 
휴게음식점,카페케이,"경상북도 구미시 인동남길 96, 1층 (진평동)",경상북도 구미시 진평동 11-4 1층 
휴게음식점,구미더치커피전문점,"경상북도 구미시 봉곡로18길 3, 1층 (봉곡동)",경상북도 구미시 봉곡동 234-10 1층 
휴게음식점,컴퍼스트임은점,"경상북도 구미시 왕산로3길 36, 나동 1층 (임은동)",경상북도 구미시 임은동 521 1층 나동 
휴게음식점,투썸플레이스구미진평점,"경상북도 구미시 인동남길 112, 1층 (진평동)",경상북도 구미시 진평동 13-1 1층 
휴게음식점,보보스커피숍,"경상북도 구미시 장천면 강동로 176, 1층",경상북도 구미시 장천면 상장리 889-1 1층 
휴게음식점,온더마운틴,"경상북도 구미시 금오산로10길 29, 1층 (원평동)",경상북도 구미시 원평동 428-11 1층 
휴게음식점,그랜드마덜,"경상북도 구미시 송정대로 16, 1층 (송정동)",경상북도 구미시 송정동 462-2 1층 
휴게음식점,아이유,"경상북도 구미시 인동32길 28-13, 1층 (진평동)",경상북도 구미시 진평동 101-9 1층 
휴게음식점,주식회사문정자,"경상북도 구미시 옥성면 추모공원로 81, 2층",경상북도 구미시 옥성면 농소리 982 2층 
휴게음식점,메가엠지씨커피비산구미점,"경상북도 구미시 신비로 115, 1층 나호 (비산동)",경상북도 구미시 비산동 458-2 1층 나호
휴게음식점,카페더오션,"경상북도 구미시 인동15길 14, 2층 (인의동)",경상북도 구미시 인의동 672-5 2층 
휴게음식점,데꼴로레스,"경상북도 구미시 4공단로6길 29, 1,2층 (구포동)","경상북도 구미시 구포동 418 1,2층 "
휴게음식점,에그드랍,"경상북도 구미시 구미중앙로 92, 1층 나호 (원평동)",경상북도 구미시 원평동 1008-51 1층 나호
휴게음식점,봄봄상모사곡점,"경상북도 구미시 상모로 51, 1층 (상모동)",경상북도 구미시 상모동 47-8 1층 
휴게음식점,어벤더치구미금오공대점,"경상북도 구미시 대학로 39, 나동 1층 (거의동)",경상북도 구미시 거의동 456 1층 나동 
휴게음식점,요기가거기,"경상북도 구미시 비산로7길 8-23, 1동 1층 (비산동)",경상북도 구미시 비산동 142-6 1층 1동 
휴게음식점,향긋,"경상북도 구미시 형곡로 186, 형곡중앙시장 2층 15호 (형곡동)",경상북도 구미시 형곡동 321 2층 15호
휴게음식점,봄봄도량원호점,"경상북도 구미시 문장로 111, 상가동 1층 303호 (도량동, 도량 롯데캐슬 골드파크)",경상북도 구미시 도량동 639 1층 상가동 303호
휴게음식점,코지베이크샵,"경상북도 구미시 여헌로 80, 1층 (인의동)",경상북도 구미시 인의동 427-1 1층 
휴게음식점,유어빈,"경상북도 구미시 봉곡남로 44-7, 1층 (봉곡동)",경상북도 구미시 봉곡동 359-1 1층 
휴게음식점,메가엠지씨커피구미송정점,"경상북도 구미시 송정대로 90, 1층 (송정동)",경상북도 구미시 송정동 457-2 1층 
휴게음식점,하이케이크,"경상북도 구미시 도봉로 8, 현진에버빌 상가동 1층 108호 (봉곡동)",경상북도 구미시 봉곡동 22 1층 상가동 108호
휴게음식점,공차구미형곡점,"경상북도 구미시 신시로 67, 1층 (형곡동)",경상북도 구미시 형곡동 144-9 1층 
휴게음식점,미니플랜,"경상북도 구미시 야은로 425, 1층 (도량동)",경상북도 구미시 도량동 561-14 1층 
휴게음식점,투썸플레이스구미확장단지점,"경상북도 구미시 산동읍 신당2로 9, 동흥프라자 1,2층 102,201호","경상북도 구미시 산동읍 신당리 1462 1,2층 102,201호 "
휴게음식점,조인,"경상북도 구미시 봉곡남로23길 5, 1층 (봉곡동)",경상북도 구미시 봉곡동 223-16 1층 
휴게음식점,마시그래이도량점,"경상북도 구미시 도봉로 76-55, 도량번개시장 A동 1층 C-103호 (도량동)",경상북도 구미시 도량동 226 도량번개시장 1층 A동 C-103호
휴게음식점,이디야커피도량롯데캐슬점,"경상북도 구미시 문장로 105, 도량 롯데캐슬 골드파크 301동 1층 1-6호 (도량동)",경상북도 구미시 도량동 868 도량 롯데캐슬 골드파크 1층 301동 1-6호
휴게음식점,빽다방구미형곡점,"경상북도 구미시 신시로 59, 1층 (형곡동)",경상북도 구미시 형곡동 144-13 1층 
휴게음식점,청솔로9옥계점,"경상북도 구미시 옥계북로 84, 1층 (옥계동)",경상북도 구미시 옥계동 789-3 1층 
휴게음식점,카페더치즈케익구미점,"경상북도 구미시 산동읍 신당1로4길 3, 1층 108,109호","경상북도 구미시 산동읍 신당리 1416 1층 108,109호 "
휴게음식점,모야드구미원평점,"경상북도 구미시 문화로 25-1, 1층 (원평동)",경상북도 구미시 원평동 375-5 1층 
휴게음식점,커피명가어나더하우스,"경상북도 구미시 야은로 304, 1층 (도량동)",경상북도 구미시 도량동 317 1층 
휴게음식점,커피명가어나더하우스2,"경상북도 구미시 야은로 304, 2층 (도량동)",경상북도 구미시 도량동 317 2층 
휴게음식점,공차구미봉곡점,"경상북도 구미시 봉곡로 100, 봉곡프라자 1층 (봉곡동)",경상북도 구미시 봉곡동 378-7 봉곡프라자 1층 
휴게음식점,더벤티구미비산점,"경상북도 구미시 신비로 95, 강변파라디아 B동 1층 106호 (공단동)",경상북도 구미시 공단동 759 강변파라디아 1층 B동 106호
휴게음식점,봄봄문성점,"경상북도 구미시 고아읍 들성로 171, 상가동 1층 104호 (구미고아세영리첼레이크뷰)",경상북도 구미시 고아읍 원호리 533 구미고아세영리첼레이크뷰 1층 상가동 104호
휴게음식점,스테이550,"경상북도 구미시 송정대로 102-1, 1,2층 101,201호 (송정동)","경상북도 구미시 송정동 456-5 1,2층 101,102호 "
휴게음식점,엘리시아,"경상북도 구미시 인동32길 57-14, 1,2,3층 (구평동)","경상북도 구미시 구평동 661 1,2,3층 "
휴게음식점,강브레드,"경상북도 구미시 원남로 59, 1층 (원평동)",경상북도 구미시 원평동 77-29 1층 
휴게음식점,뽀도독애견카페,"경상북도 구미시 고아읍 들성로 224, 1동 2층",경상북도 구미시 고아읍 문성리 1404-1 2층 1동 
휴게음식점,카페모캄보구미산동점,"경상북도 구미시 산동읍 강동로 953-39, 1동 1층",경상북도 구미시 산동읍 인덕리 649-4 1층 1동 
휴게음식점,산호야관광농원,"경상북도 구미시 옥성면 선상서로 797, 1동 2층",경상북도 구미시 옥성면 대원리 447 2층 1동 
휴게음식점,카페댕미,"경상북도 구미시 인동46길 24, 8단지부영아파트 상가동 3층 301호 (구평동)",경상북도 구미시 구평동 474-4 8단지부영아파트 3층 상가동 301호
휴게음식점,미드미,"경상북도 구미시 고아읍 들성로 223, 1층",경상북도 구미시 고아읍 문성리 1180 1층 
휴게음식점,정성푸드,"경상북도 구미시 1공단로10길 73, 1동 1층 (공단동)",경상북도 구미시 공단동 293-5 1층 1동 
휴게음식점,카페데미르,"경상북도 구미시 인동24길 17, 1층 (진평동)",경상북도 구미시 진평동 29-7 1층 
휴게음식점,커피인장명달상모점,"경상북도 구미시 상모로8길 6, B동 1층 (상모동)",경상북도 구미시 상모동 48-3 B동 1층 
휴게음식점,카페카리타스구미에코랜드점,"경상북도 구미시 산동읍 인덕1길 195, 1동 1층",경상북도 구미시 산동읍 인덕리 261 1층 1동 
휴게음식점,라온카페,"경상북도 구미시 원남로 108, 2층 (원평동)",경상북도 구미시 원평동 385-6 2층 
휴게음식점,드봉,"경상북도 구미시 백산로 91, 1층 (송정동)",경상북도 구미시 송정동 36-1 1층 
휴게음식점,더벤티옥계4공단점,"경상북도 구미시 산호대로31길 15, 4공단메디파크 1층 105호 (옥계동)",경상북도 구미시 옥계동 834-4 4공단메디파크 1층 105호
휴게음식점,빌리버튼,"경상북도 구미시 금오시장로 5, 1층 가호 (원평동)",경상북도 구미시 원평동 1029-12 1층 가호
휴게음식점,더노크사회적협동조합교육연구소앤카페,"경상북도 구미시 봉곡서로 34, 1층 (봉곡동)",경상북도 구미시 봉곡동 196-2 1층 
휴게음식점,모카향,"경상북도 구미시 인동가산로 337-94, 1층 (구평동)",경상북도 구미시 구평동 950 1층 
휴게음식점,떡앤천,"경상북도 구미시 야은로 296, 금오G7스퀘어 1층 7호 (봉곡동)",경상북도 구미시 봉곡동 36 금오G7스퀘어 1층 7호
휴게음식점,후르츠바스켓바이두번째부엌,"경상북도 구미시 산동읍 신당1로1길 17-7, 4층 411호",경상북도 구미시 산동읍 신당리 1449 4층 411호
휴게음식점,공차구미상모점,"경상북도 구미시 상사서로 62, 1층 (상모동)",경상북도 구미시 상모동 54-3 1층 
휴게음식점,음파,"경상북도 구미시 신시로10길 88-31, 1층 (송정동)",경상북도 구미시 송정동 487-14 1층 
휴게음식점,허유산구미점,"경상북도 구미시 구미대로22길 11, 롯데마트구미점 2층 (신평동)",경상북도 구미시 신평동 465 롯데마트구미점 2층 
휴게음식점,앤틱한하루,"경상북도 구미시 구미중앙로23길 14, 1층 (원평동)",경상북도 구미시 원평동 964-831 1층 
휴게음식점,미미케이크,"경상북도 구미시 신비로3길 18-4, 1층 (신평동)",경상북도 구미시 신평동 70-219 1층 
휴게음식점,굿커피제과제빵,"경상북도 구미시 야은로 445-6, 1층 (도량동)",경상북도 구미시 도량동 524-1 1층 
휴게음식점,빽다방구미인동점,"경상북도 구미시 인동중앙로 8, 1층 (인의동)",경상북도 구미시 인의동 375-2 1층 
휴게음식점,카페와플,"경상북도 구미시 봉곡로24길 3, 영남네오빌시티 104동 1층 109호 (봉곡동)",경상북도 구미시 봉곡동 527 영남네오빌시티 1층 104동 109호
휴게음식점,월간화과점,"경상북도 구미시 신시로26길 17, 1층 (송정동)",경상북도 구미시 송정동 10-10 1층 
휴게음식점,카페연두콩,"경상북도 구미시 산호대로24길 9-31, 1층 101호 (옥계동, 어린왕자 하나)",경상북도 구미시 옥계동 950 어린왕자 하나 1층 101호
휴게음식점,좋은사람,"경상북도 구미시 형곡로 108, 1층 (형곡동)",경상북도 구미시 형곡동 152-7 1층 
휴게음식점,에이바우트커피구미원평점,"경상북도 구미시 금오산로6길 13-3, 1층 (원평동)",경상북도 구미시 원평동 302 1층 
휴게음식점,20도씨,"경상북도 구미시 봉곡북로9길 2, 1층 (봉곡동)",경상북도 구미시 봉곡동 151-9 1층 
휴게음식점,멜로온,"경상북도 구미시 신시로10길 98-51, 1층 (송정동)",경상북도 구미시 송정동 490-4 1층 
휴게음식점,카페아이언,"경상북도 구미시 선산읍 남문로4길 3, 1층",경상북도 구미시 선산읍 동부리 390-5 1층 
휴게음식점,감성커피구미옥계점,"경상북도 구미시 흥안로1길 4, 옥계시장형 종합상가 A동 1층 103호 (옥계동)",경상북도 구미시 옥계동 560-4 옥계시장형 종합상가 1층 A동 103호
휴게음식점,경성나들이카페브라비,"경상북도 구미시 구미중앙로 150-3, 2층 (원평동)",경상북도 구미시 원평동 517-15 2층 
휴게음식점,컴포즈커피구미상모점,"경상북도 구미시 상사서로 92, 1층 (상모동)",경상북도 구미시 상모동 42-7 1층 
휴게음식점,모든날,"경상북도 구미시 송정대로6길 67, 1층 (송정동)",경상북도 구미시 송정동 490-10 1층 
휴게음식점,92버터샵,"경상북도 구미시 산호대로33길 18, 1층 (옥계동)",경상북도 구미시 옥계동 743-1 1층 
휴게음식점,늘꿈쿠킹,"경상북도 구미시 송원서로 39, 1층 (송정동)",경상북도 구미시 송정동 7-2 1층 
휴게음식점,메가엠지씨커피구미봉곡점,"경상북도 구미시 봉곡남로20길 4, 1층 (봉곡동)",경상북도 구미시 봉곡동 384-4 1층 
휴게음식점,솜사탕찻집,"경상북도 구미시 금오시장로3길 19-1, 1층 (원평동)",경상북도 구미시 원평동 529-12 1층 
휴게음식점,오터스구미직영점,"경상북도 구미시 선산대로 11, 1,2층 (지산동)","경상북도 구미시 지산동 603-1 1,2층 "
휴게음식점,동네커피,"경상북도 구미시 산동읍 신당인덕2로2길 3-10, 1동 1층",경상북도 구미시 산동읍 신당리 1616 1층 1동 
휴게음식점,덕촌분식,"경상북도 구미시 인동31길 22-17, 1층 (인의동)",경상북도 구미시 인의동 992-10 1층 
휴게음식점,리프패럿구미점,"경상북도 구미시 산동읍 신당2로 29, 1동 2층 202호",경상북도 구미시 산동읍 신당리 1431 2층 1동 202호
휴게음식점,더오터스,"경상북도 구미시 선산대로 11, 제2동 1층 (지산동)",경상북도 구미시 지산동 603-1 1층 제2동 
휴게음식점,동네커피1988,"경상북도 구미시 흥안로 67, 대백타운 상가동 1층 9호 (옥계동)",경상북도 구미시 옥계동 540 대백타운 1층 상가동 9호
휴게음식점,빌리브라운구미송정점,"경상북도 구미시 백산로5길 13, 힐스테이트송정1단지 근린생활시설-1동 1층 102호 (송정동)",경상북도 구미시 송정동 529 힐스테이트송정1단지 1층 근린생활시설-1동 102호
휴게음식점,버티,"경상북도 구미시 상사서로12길 3, 1층 101호 (사곡동, 우원 사곡1차 아파트)",경상북도 구미시 사곡동 698-9 우원 사곡1차 아파트 1층 101호
휴게음식점,사주다방,"경상북도 구미시 금오산로 52-2, 1층 (원평동)",경상북도 구미시 원평동 964-195 1층 
휴게음식점,달달스토어,"경상북도 구미시 형곡동로6길 8, 1층 (형곡동)",경상북도 구미시 형곡동 334 1층 
휴게음식점,골목커피,"경상북도 구미시 산업로4길 48-1, 1층 (원평동)",경상북도 구미시 원평동 158-55 1층 
휴게음식점,더벤티금오파크점,"경상북도 구미시 새마을로 150-1, 상가1동 1층 110호 (사곡동)",경상북도 구미시 사곡동 0 1층 상가1동 110호
휴게음식점,플러스82구미점,"경상북도 구미시 인동남길 58-2, 1동 1층 (진평동)",경상북도 구미시 진평동 1042-3 1층 1동 
휴게음식점,리치가플라워카페,"경상북도 구미시 인동16길 7, 2동 1층 (진평동)",경상북도 구미시 진평동 9-9 1층 2동 
휴게음식점,나인슬롯휴게실,"경상북도 구미시 인동중앙로5길 6-7, 1층 (황상동)",경상북도 구미시 황상동 308-23 1층 
휴게음식점,스타벅스구미확장단지점,"경상북도 구미시 산동읍 신당1로4길 19, 1동 1층 101,102,103,104,105호","경상북도 구미시 산동읍 신당리 1404 1층 101,102,103,104,105호 1동 "
휴게음식점,카페보나,"경상북도 구미시 구미중앙로 101-2, 1,2층 (원평동)","경상북도 구미시 원평동 371-4 1,2층 "
휴게음식점,더벤티구미형곡점,"경상북도 구미시 신시로 55, 1층 (형곡동)",경상북도 구미시 형곡동 145-33 1층 
휴게음식점,구미경찰서카페808,"경상북도 구미시 구미대로 350-19, 구미경찰서 본관 1층 (신평동)",경상북도 구미시 신평동 188-2 구미경찰서 본관 1층 
휴게음식점,더벤티구미신평점,"경상북도 구미시 신비로 4, 1층 나호 (신평동)",경상북도 구미시 신평동 129-2 1층 나호
휴게음식점,드롭탑구미터미널점,"경상북도 구미시 송원동로 58-7, 1층 102호 (원평동)",경상북도 구미시 원평동 1074-2 1층 102호
휴게음식점,빽다방구미확장단지점,"경상북도 구미시 산동읍 신당1로2길 13, 1동 1층 110호",경상북도 구미시 산동읍 신당리 1433 1층 1동 110호
휴게음식점,투썸플레이스구미봉곡점,"경상북도 구미시 봉곡북로 69, 1층 (봉곡동)",경상북도 구미시 봉곡동 167-5 1층 
휴게음식점,읍천리구미봉곡점,"경상북도 구미시 봉곡남로 87-1, 1층 (봉곡동)",경상북도 구미시 봉곡동 302-4 1층 
휴게음식점,디넛,"경상북도 구미시 문장로10안길 7-2, 1층 (도량동)",경상북도 구미시 도량동 608-90 1층 
휴게음식점,스터,"경상북도 구미시 진평2길 33-12, 1층 (진평동)",경상북도 구미시 진평동 558 1층 
휴게음식점,카페유,"경상북도 구미시 인동28길 49-9, 1층 (진평동)",경상북도 구미시 진평동 1052-5 1층 
휴게음식점,카페카리타스풍빈원점,"경상북도 구미시 금오산로 336-13, 구미성리학역사관 6동 1층 (남통동)",경상북도 구미시 남통동 산 28-7 구미성리학역사관 1층 6동 
휴게음식점,하삼동커피상모점,"경상북도 구미시 상사서로 35, 1층 (상모동)",경상북도 구미시 상모동 37-8 1층 
휴게음식점,이디야커피구미비산점,"경상북도 구미시 비산로3길 33-21, 1층 (비산동)",경상북도 구미시 비산동 444-2 1층 
휴게음식점,세라젬웰카페구미옥계점,"경상북도 구미시 옥계북로 8, 1동 1층 103,104호 (옥계동)","경상북도 구미시 옥계동 831-2 1층 103,104호 1동 "
휴게음식점,이디야차병원점,"경상북도 구미시 신시로10길 12, 차병원 1층 (형곡동)",경상북도 구미시 형곡동 855 차병원 1층 
휴게음식점,배달의카페옥계점,"경상북도 구미시 옥계신당로5길 21, 1층 (옥계동)",경상북도 구미시 옥계동 1159 1층 
휴게음식점,더벤티구미남통점,"경상북도 구미시 원남로 44, 1층 (원평동)",경상북도 구미시 원평동 78-1 1층 
휴게음식점,다이어트,"경상북도 구미시 인동36길 9, 금강빌딩 4층 (구평동)",경상북도 구미시 구평동 446-3 금강빌딩 
휴게음식점,읍천리382금오산점,"경상북도 구미시 금오산로22길 5, 1층 (원평동)",경상북도 구미시 원평동 409-4 1층 
휴게음식점,놀숲구미옥계점,"경상북도 구미시 옥계2공단로 355, 5층 501호 (옥계동)",경상북도 구미시 옥계동 638-2 5층 501호
휴게음식점,차원,"경상북도 구미시 형곡동로 57, 1층 (형곡동)",경상북도 구미시 형곡동 278-4 1층 
휴게음식점,써니카페,"경상북도 구미시 원남로 88, 1층 (원평동)",경상북도 구미시 원평동 398-3 1층 
휴게음식점,트윙클핫도그,"경상북도 구미시 인동5길 27, 1층 (인의동)",경상북도 구미시 인의동 565-14 1층 
휴게음식점,달크나,"경상북도 구미시 산동읍 신당1로2길 10, 아이프라자2차 1동 3층 202호",경상북도 구미시 산동읍 신당리 1457 아이프라자2차 3층 1동 202호
휴게음식점,투썸플레이스구미원평문화거리점,"경상북도 구미시 문화로 49, 1,2층 (원평동)","경상북도 구미시 원평동 343-1 1,2층 "
휴게음식점,일공일삼,"경상북도 구미시 문장로 139-2, 1층 (도량동)",경상북도 구미시 도량동 687-19 1층 
휴게음식점,밀밀팩토리,"경상북도 구미시 산업로 191-13, 1,2층 (원평동)","경상북도 구미시 원평동 615-3 1,2층 "
휴게음식점,공차구미구평점,"경상북도 구미시 인동36길 7, 1층 (구평동)",경상북도 구미시 구평동 446-2 1층 
휴게음식점,천씨씨옥계점,"경상북도 구미시 옥계북로 59, 상가동 1층 108호 (옥계동)",경상북도 구미시 옥계동 909 1층 상가동 108호
휴게음식점,레츠빈커피로스터리,"경상북도 구미시 형곡동로8길 12, 1층 (형곡동)",경상북도 구미시 형곡동 191 1층 
휴게음식점,텐퍼센트커피옥계점,"경상북도 구미시 옥계북로 50, 1층 (옥계동)",경상북도 구미시 옥계동 732-3 1층 
휴게음식점,더벤티구미들성점,"경상북도 구미시 고아읍 들성로 171, 301동 1층 108호 (구미고아세영리첼레이크뷰)",경상북도 구미시 고아읍 원호리 533 구미고아세영리첼레이크뷰 1층 301동 108호
휴게음식점,하삼동커피옥계점,"경상북도 구미시 옥계북로 40, 1층 103호 (옥계동)",경상북도 구미시 옥계동 834-2 1층 103호
휴게음식점,유정다방,"경상북도 구미시 선산읍 남문로 58, 2층",경상북도 구미시 선산읍 동부리 411-7 2층 
휴게음식점,카페더홈,"경상북도 구미시 봉곡서로 3, 1층 (봉곡동)",경상북도 구미시 봉곡동 308-5 1층 
휴게음식점,라비다,"경상북도 구미시 형곡로 234, 1층 101호 (형곡동)",경상북도 구미시 형곡동 196-1 1층 101호
휴게음식점,벌크커피구미원호점,"경상북도 구미시 고아읍 문장로 201, 1층 104호",경상북도 구미시 고아읍 원호리 439-5 1층 104호
휴게음식점,너랑케키,"경상북도 구미시 구미대로32길 5-1, 1층 (신평동)",경상북도 구미시 신평동 168-14 1층 
휴게음식점,더벤티형곡중앙점,"경상북도 구미시 형곡로 150, 1층 102호 (형곡동, 두산빌라)",경상북도 구미시 형곡동 287-9 두산빌라 1층 102호
휴게음식점,하삼동커피황상점,"경상북도 구미시 인동중앙로 19, 1층 (황상동)",경상북도 구미시 황상동 633-32 1층 
휴게음식점,시리베이커리금오산점,"경상북도 구미시 금오산로18길 11-1, 1층 (원평동)",경상북도 구미시 원평동 415-27 1층 
휴게음식점,달다방커피,"경상북도 구미시 고아읍 가들로 25, B동 지하2층 101,102,103호","경상북도 구미시 고아읍 문성리 1845 지하2층, 101,102,103호 B동 "
휴게음식점,카페인중독구미상모점,"경상북도 구미시 상모로10길 21-63, 1층 (상모동)",경상북도 구미시 상모동 64-1 1층 
휴게음식점,하삼동커피신평점,"경상북도 구미시 구미대로 399, 신평상가 1층 105호 (신평동)",경상북도 구미시 신평동 150-17 신평상가 1층 105호
휴게음식점,카페꾸다,"경상북도 구미시 구미중앙로13길 19-1, 1층 (원평동)",경상북도 구미시 원평동 156-22 1층 
휴게음식점,메가엠지씨커피구미구평점,"경상북도 구미시 인동36길 9, 금강빌딩 1층 (구평동)",경상북도 구미시 구평동 446-3 금강빌딩 1층 
휴게음식점,라셈블리,"경상북도 구미시 원남로8길 26-1, 1층 (원평동)",경상북도 구미시 원평동 415-24 1층 
휴게음식점,코드지,"경상북도 구미시 여헌로 36, 1층 (인의동)",경상북도 구미시 인의동 597-6 1층 
휴게음식점,카페에이치,"경상북도 구미시 구미대로30길 14, 2층 (신평동)",경상북도 구미시 신평동 339-1 2층 
휴게음식점,더리터구미인동점,"경상북도 구미시 인동중앙로 50, 1층 106호 (인의동)",경상북도 구미시 인의동 364-4 1층 106호
휴게음식점,컴포즈커피산동점,"경상북도 구미시 산동읍 신당2로1길 12, 1동 1층 106호",경상북도 구미시 산동읍 신당리 1391 1동 1동 106호
휴게음식점,천씨씨커피공단점,"경상북도 구미시 1공단로 196, 1층 (공단동)",경상북도 구미시 공단동 264-19 1층 
휴게음식점,달리는커피구미문성점,"경상북도 구미시 고아읍 동평로 72, 1동 1층",경상북도 구미시 고아읍 문성리 1782 1층 1동 
휴게음식점,카페둑,"경상북도 구미시 지산양호12길 19-18, 3층 (양호동)",경상북도 구미시 양호동 614-8 3층 
휴게음식점,더리터구미구평점,"경상북도 구미시 인동46길 5-2, 1층 (구평동)",경상북도 구미시 구평동 463-1 1층 
휴게음식점,컴포즈커피인의점,"경상북도 구미시 인동중앙로 23-2, 1층 (황상동)",경상북도 구미시 황상동 285-4 1층 
휴게음식점,매일그대와,"경상북도 구미시 금오산로22안길 15-4, 1층 (원평동)",경상북도 구미시 원평동 434-8 1층 
휴게음식점,커피깊,"경상북도 구미시 원남로1길 62, 1층 (원평동)",경상북도 구미시 원평동 77-10 1층 
휴게음식점,북카페위누리,"경상북도 구미시 박정희로 375-7, 구미복합스포츠센터 1층 (광평동)",경상북도 구미시 광평동 293-2 구미복합스포츠센터 1층 
휴게음식점,봄봄금오파크점,"경상북도 구미시 새마을로3길 7-3, 1층 (사곡동)",경상북도 구미시 사곡동 801 1층 
휴게음식점,달빛카페,"경상북도 구미시 고아읍 선산대로 1202-4, 1동 1층",경상북도 구미시 고아읍 오로리 459-15 1층 1동 
휴게음식점,에이프릴17,"경상북도 구미시 봉곡로 155-15, 1층 (봉곡동)",경상북도 구미시 봉곡동 238-15 1층 
휴게음식점,동네커피문성점,"경상북도 구미시 고아읍 가들로 14, 1동 1층",경상북도 구미시 고아읍 문성리 1898 1층 1동 
휴게음식점,니쥬,"경상북도 구미시 박정희로2길 10, 가동 1층 (상모동)",경상북도 구미시 상모동 459-3 1층 가동 
휴게음식점,스타벅스구미문성디티점,"경상북도 구미시 고아읍 들성로 207, 1동 1,2층","경상북도 구미시 고아읍 문성리 1121 1,2층 1동 "
휴게음식점,커피마루베이커리,"경상북도 구미시 인동남길 72, 1층 (진평동)",경상북도 구미시 진평동 5-6 1층 
휴게음식점,청솔로9인동점,"경상북도 구미시 인동38길 15-16, 1층 (구평동)",경상북도 구미시 구평동 451-8 1층 
휴게음식점,딤플,"경상북도 구미시 산호대로 191-4, 제일상가 1층 (공단동)",경상북도 구미시 공단동 263-1 제일상가 1층 
휴게음식점,디저트39구미인동점,"경상북도 구미시 인동35길 32, 1층 (구평동)",경상북도 구미시 구평동 551-13 1층 
휴게음식점,크로플팜,"경상북도 구미시 봉곡로18길 33-8, 1층 (봉곡동)",경상북도 구미시 봉곡동 225-8 1층 
휴게음식점,글린트,"경상북도 구미시 형곡로31길 8, 1층 (형곡동)",경상북도 구미시 형곡동 262-8 1층 
휴게음식점,감성커피구미구평점,"경상북도 구미시 인동36길 34, 1층 (진평동)",경상북도 구미시 진평동 98-6 1층 
휴게음식점,초이스,"경상북도 구미시 금오대로14길 13, 1층 (오태동)",경상북도 구미시 오태동 745-8 1층 
휴게음식점,이지한커피,"경상북도 구미시 상모로12길 19, 1층 (상모동)",경상북도 구미시 상모동 67-2 1층 
휴게음식점,스타벅스구미광평디티점,"경상북도 구미시 구미대로 188, 1동 1,2층 (광평동)","경상북도 구미시 광평동 792-137 1동 1,2층 "
휴게음식점,커피왕사곡점,"경상북도 구미시 사곡로5길 2, 1층 (사곡동)",경상북도 구미시 사곡동 687-31 1층 
휴게음식점,텐퍼센트커피구미확장단지점,"경상북도 구미시 산동읍 신당2로 29, 1동 1층 110호",경상북도 구미시 산동읍 신당리 1431 1층 1동 110호
휴게음식점,꽃마실카페,"경상북도 구미시 인동남길 6, 1층 (진평동)",경상북도 구미시 진평동 618 1층 
휴게음식점,피크닉브릭하우스,"경상북도 구미시 산동읍 인덕1길 150, 1동 1층",경상북도 구미시 산동읍 인덕리 241-1 1층 1동 
휴게음식점,카페앤플라워이랑,"경상북도 구미시 산동읍 첨단기업1로 50, 1동 1층",경상북도 구미시 산동읍 봉산리 385-9 1층 1동 
휴게음식점,투썸플레이스구미역점,"경상북도 구미시 구미중앙로11길 6, 1층 (원평동)",경상북도 구미시 원평동 122-6 1층 
휴게음식점,더벤티임은점,"경상북도 구미시 왕산로 28-10, 구미 임은 삼도뷰엔빌W 301동 1층 111호 (임은동)",경상북도 구미시 임은동 822 구미 임은 삼도뷰엔빌W 1층 301동 111호
휴게음식점,카페솔목,"경상북도 구미시 봉곡로18길 11, 1층 (봉곡동)",경상북도 구미시 봉곡동 232-8 1층 
휴게음식점,디디디,"경상북도 구미시 산호대로 419, 강변보성타운 401동 지1층 B03호 (비산동)",경상북도 구미시 비산동 28 강변보성타운 지1층 401동 B03호
휴게음식점,컴포즈커피구미옥계신나리점,"경상북도 구미시 산호대로23길 36, 1층 (옥계동)",경상북도 구미시 옥계동 632-1 1층 
휴게음식점,셔터룸,"경상북도 구미시 봉곡로22길 19, 1층 (봉곡동)",경상북도 구미시 봉곡동 182-9 1층 
휴게음식점,컴포즈커피비산점,"경상북도 구미시 신비로 112, 1층 (비산동)",경상북도 구미시 비산동 504-32 1층 
휴게음식점,더리터구미차병원점,"경상북도 구미시 신시로10길 9, 1층 (송정동)",경상북도 구미시 송정동 466-1 1층 
휴게음식점,퀼트카페은성,"경상북도 구미시 인동31길 9-2, 1층 (인의동)",경상북도 구미시 인의동 1001-5 1층 
휴게음식점,텐퍼센트구미봉곡점,"경상북도 구미시 봉곡북로 67-1, 1층 (봉곡동)",경상북도 구미시 봉곡동 167-4 1층 
휴게음식점,카페멜랑그랑,"경상북도 구미시 인동20길 43-4, 1층 101호 (진평동)",경상북도 구미시 진평동 120-2 1층 101호
휴게음식점,아이엠도넛구미문성점,"경상북도 구미시 고아읍 들성로 255, 1동 1층",경상북도 구미시 고아읍 문성리 1284 1층 1동 
휴게음식점,베리앤라떼카페,"경상북도 구미시 왕산로3길 5, 1층 (임은동)",경상북도 구미시 임은동 222-1 1층 
휴게음식점,마마포레,"경상북도 구미시 고아읍 들성로 201-14, 2동 1층",경상북도 구미시 고아읍 문성리 618-1 1층 2동 
휴게음식점,홍차가게율리,"경상북도 구미시 금오산로 190-6, 1층 (남통동)",경상북도 구미시 남통동 104-12 1층 
휴게음식점,와이블랙구미봉곡점,"경상북도 구미시 봉곡로23길 10, 1층 (봉곡동)",경상북도 구미시 봉곡동 157-4 1층 
휴게음식점,에브리커피구미옥계점,"경상북도 구미시 산호대로29길 20-7, 1층 (옥계동)",경상북도 구미시 옥계동 833-3 1층 
휴게음식점,더벤티4공단산업단지점,"경상북도 구미시 산동읍 첨단기업1로 18, 1층",경상북도 구미시 산동읍 봉산리 380-2 1층 
휴게음식점,어니스트밀로,"경상북도 구미시 옥계신당로5길 33-3, 1,2층 (옥계동)","경상북도 구미시 옥계동 1218 1,2 "
휴게음식점,플러스마이너스커피,"경상북도 구미시 봉곡로 60, 1동 1층 (봉곡동)",경상북도 구미시 봉곡동 433-4 1층 1동 
휴게음식점,히히,"경상북도 구미시 인동38길 15-7, 종합프라자 1층 107호 (구평동)",경상북도 구미시 구평동 449-4 종합프라자 1층 107호
휴게음식점,꽃피움,"경상북도 구미시 고아읍 선산대로 245, 1층",경상북도 구미시 고아읍 문성리 789-8 1층 
휴게음식점,수기디저트,"경상북도 구미시 금오대로14길 11, 2층 (오태동)",경상북도 구미시 오태동 745-9 2층 
휴게음식점,문뜩디저트,"경상북도 구미시 봉곡로15길 35, 1층 (봉곡동)",경상북도 구미시 봉곡동 254-2 1층 
휴게음식점,천씨씨카페구미형곡점,"경상북도 구미시 형곡로 173, 1층 (형곡동)",경상북도 구미시 형곡동 279-6 1층 
휴게음식점,옥디,"경상북도 구미시 봉곡로15길 47, 1층 (봉곡동)",경상북도 구미시 봉곡동 242-3 1층 
휴게음식점,어터하우스,"경상북도 구미시 고아읍 문성로6길 2, 1동 1층",경상북도 구미시 고아읍 문성리 1912 1층 1동 
휴게음식점,캔카페원평도량점,"경상북도 구미시 송동로 21, 1층 (도량동)",경상북도 구미시 도량동 365-1 1층 
휴게음식점,모에누카페,"경상북도 구미시 고아읍 봉한3길 2, 1층",경상북도 구미시 고아읍 봉한리 911-152 1층 
휴게음식점,텀브커피구미봉곡점,"경상북도 구미시 봉곡로 80-1, 1층 (봉곡동)",경상북도 구미시 봉곡동 428-3 1층 
휴게음식점,리스본,"경상북도 구미시 고아읍 들성로15길 11-1, 1층",경상북도 구미시 고아읍 문성리 1351 1층 
휴게음식점,오늘도함께,"경상북도 구미시 형곡서로 6, 1층 (형곡동)",경상북도 구미시 형곡동 375-4 1층 
휴게음식점,다도네오븐연구소,"경상북도 구미시 산호대로25길 26-13, 1층 (옥계동)",경상북도 구미시 옥계동 624-3 1층 
휴게음식점,가든올데이,"경상북도 구미시 고아읍 동평로 35, 1동 2층",경상북도 구미시 고아읍 문성리 1558 2층 1동 
휴게음식점,몬스터커피구미산동점,"경상북도 구미시 산동읍 신당2로1길 7, 골드클래스 상가2동 B8호",경상북도 구미시 산동읍 신당리 1388 골드클래스 상가2동 B8호
휴게음식점,마음담아,"경상북도 구미시 형곡로28길 7, 청솔빌라 102호 (형곡동, 청솔빌라)",경상북도 구미시 형곡동 302 청솔빌라 102호
휴게음식점,설렘커피인동점,"경상북도 구미시 인동중앙로3길 6, 1,2층 (황상동)","경상북도 구미시 황상동 293-2 1,2층 "
휴게음식점,카페고이담아,"경상북도 구미시 도개면 도개다곡길 393, 1층",경상북도 구미시 도개면 도개리 342 1층 
휴게음식점,요거트월드구미인동점,"경상북도 구미시 인동중앙로5길 25, JMB D 1층 (황상동)","경상북도 구미시 황상동 323-1 JMB D, 1층 "
휴게음식점,더리터구미문성점,"경상북도 구미시 고아읍 문성로3길 16, 1층",경상북도 구미시 고아읍 문성리 1717 1층 
휴게음식점,다다커피앤햇살과일,"경상북도 구미시 구미중앙로17길 5, 2,3층 (원평동)","경상북도 구미시 원평동 373-2 2,3층 "
휴게음식점,1리터리얼커피,"경상북도 구미시 여헌로 74-1, 1층 (인의동)",경상북도 구미시 인의동 430-9 1층 
휴게음식점,마니에르,"경상북도 구미시 금오산로16길 3-3, 1층 (원평동)",경상북도 구미시 원평동 421-6 1층 
휴게음식점,컴포즈커피구미문성점,"경상북도 구미시 고아읍 문성로 31, 1층",경상북도 구미시 고아읍 문성리 1710 1층 
휴게음식점,금오당,"경상북도 구미시 선기로2길 6, 주1동 1층 (남통동)",경상북도 구미시 남통동 363-3 1층 주1동 
휴게음식점,보메케이크,"경상북도 구미시 형곡로 75, 우방3차아파트 309동 1층 102호 (형곡동)",경상북도 구미시 형곡동 141 우방3차아파트 1층 309동 102호
휴게음식점,제제점빵,"경상북도 구미시 인동중앙로 54-9, 1층 (인의동)",경상북도 구미시 인의동 346-9 1층 
휴게음식점,커피베이구미4공단점,"경상북도 구미시 산동읍 첨단기업1로 56, 1동 1층",경상북도 구미시 산동읍 봉산리 385-4 1층 1동 
휴게음식점,누눅스,"경상북도 구미시 형곡로 131, 1층 (형곡동)",경상북도 구미시 형곡동 163-5 1층 
휴게음식점,목포왕꽈배기,"경상북도 구미시 상사서로 40, 1동 1층 (상모동)",경상북도 구미시 상모동 73-4 1층 1동 
휴게음식점,영커피구미시청점,"경상북도 구미시 송원서로 15, 1층 (송정동)",경상북도 구미시 송정동 34-1 1층 
휴게음식점,읍천리382인동진평점,"경상북도 구미시 인동남길 78, 1층 (진평동)",경상북도 구미시 진평동 8-2 1층 
휴게음식점,커피팀버도담공원점,"경상북도 구미시 옥계신당로5길 51, 주1동 1, 2, 3층 (옥계동)","경상북도 구미시 옥계동 1277 1, 2, 3층 주1동 "
휴게음식점,선산카페,"경상북도 구미시 선산읍 선산중앙로14길 7-1, 1층",경상북도 구미시 선산읍 완전리 76-3 1층 
휴게음식점,오디너리데이,"경상북도 구미시 공원로 354, 1층 103호 (형곡동, 금마주택)",경상북도 구미시 형곡동 288-7 금마주택 1층 103호
휴게음식점,카페86,"경상북도 구미시 구미중앙로 149, 1층 (원평동)",경상북도 구미시 원평동 518-1 1층 
휴게음식점,더벤티황상점,"경상북도 구미시 검성로 88, 1층 102호 (황상동)",경상북도 구미시 황상동 200-9 1층 102호
휴게음식점,공차구미산동점,"경상북도 구미시 산동읍 신당2로 23, 1동 1층 101호",경상북도 구미시 산동읍 신당리 1439 1층 1동 101호
휴게음식점,도로시홈카페,"경상북도 구미시 산동읍 강동로 970, 가동 1층",경상북도 구미시 산동읍 동곡리 546-5 1층 가동 
휴게음식점,1리터리얼커피상모점,,경상북도 구미시 상모동 35-2 1층 주1동 
휴게음식점,카페도르리,"경상북도 구미시 인동20길 17-3, 1층 (진평동)",경상북도 구미시 진평동 24-11 1층 
휴게음식점,캔무드,"경상북도 구미시 형곡로 15, 파인빌딩 1층 (형곡동)",경상북도 구미시 형곡동 105 파인빌딩 1층 
휴게음식점,모리커피구미형곡점,"경상북도 구미시 새마을로 52, 1층 102호 (형곡동, 상록뉴타운)",경상북도 구미시 형곡동 197-10 상록뉴타운 1층 102호
휴게음식점,런던벨,"경상북도 구미시 봉곡남로 20-3, 1, 2층 (봉곡동)","경상북도 구미시 봉곡동 312-1 1, 2층 "
휴게음식점,천씨씨커피봉곡점,"경상북도 구미시 봉곡북로 61, 다복빌딩 1층 (봉곡동)",경상북도 구미시 봉곡동 166-8 다복빌딩 1층 
휴게음식점,위치커피형곡점,"경상북도 구미시 공원로 372, 1층 (형곡동)",경상북도 구미시 형곡동 287-1 1층 
휴게음식점,이디야구미금전워시클럽점,"경상북도 구미시 산호대로 1192-1, 1동 1층 (금전동)",경상북도 구미시 금전동 701-5 1층 1동 
휴게음식점,북유럽하우스,"경상북도 구미시 송선로 387, 1동 1층 (선기동)",경상북도 구미시 선기동 340 1층 1동 
휴게음식점,쿠커바켓,"경상북도 구미시 금오대로 316, 가동 1층 (오태동)",경상북도 구미시 오태동 741-4 1층 가동 
휴게음식점,파더스베이글구미점,"경상북도 구미시 옥계북로 27, 삼구트리니엔 108동 1층 103호 (옥계동)",경상북도 구미시 옥계동 907 삼구트리니엔 1층 108동 103호
휴게음식점,카페위시,"경상북도 구미시 광평길 41, 1층 (광평동)",경상북도 구미시 광평동 88-10 1층 
휴게음식점,글로리,"경상북도 구미시 고아읍 들성로7길 10-57, 1동 1층",경상북도 구미시 고아읍 문성리 1167 1층 1동 
휴게음식점,하이오커피구미상모점,"경상북도 구미시 상사서로 45, 가동 1층 (상모동)",경상북도 구미시 상모동 36-3 1층 가동 
휴게음식점,모야드구미옥계점,"경상북도 구미시 옥계북로 59, 상가동 1층 102호 (옥계동)",경상북도 구미시 옥계동 909 1층 상가동 102호
휴게음식점,파스쿠찌구미선산디아이점,경상북도 구미시 선산읍 남문로 53,경상북도 구미시 선산읍 완전리 6-1 
휴게음식점,카페봄봄도량도봉점,"경상북도 구미시 송동로 88, 미도프라자 1층 1호 (도량동)",경상북도 구미시 도량동 240 미도프라자 1층 1호
휴게음식점,천씨씨커피사곡점,"경상북도 구미시 상사동로22길 4, 1층 (사곡동)",경상북도 구미시 사곡동 686-1 1층 
휴게음식점,커피특별시구미인동점,"경상북도 구미시 인동중앙로 37, 1층 (황상동)",경상북도 구미시 황상동 280-9 1층 
휴게음식점,요거트아이스크림의정석상모사곡점,"경상북도 구미시 상사동로24길 16, 1층 (사곡동)",경상북도 구미시 사곡동 669-2 1층 
휴게음식점,봉화한우직판장,"경상북도 구미시 산동읍 신당3로1길 5, 주1동 1층",경상북도 구미시 산동읍 신당리 1752 1층 주1동 
휴게음식점,러셀커피,"경상북도 구미시 신시로16길 55, 1층 (송정동)",경상북도 구미시 송정동 459-2 1층 
휴게음식점,디어리스트,"경상북도 구미시 신시로10길 19-3, 1층 (송정동)",경상북도 구미시 송정동 466-8 1층 
휴게음식점,더벤티구미원호점,"경상북도 구미시 고아읍 문장로26길 3, 낙원프라자 1층 111호",경상북도 구미시 고아읍 원호리 448-7 낙원프라자 1층 111호
휴게음식점,카페나미,"경상북도 구미시 선산읍 조남로 130, Lucete nami A동 1층",경상북도 구미시 선산읍 화조리 264-3 Lucete nami 1층 A동 
휴게음식점,에이바우트커피구미옥계점,"경상북도 구미시 산호대로31길 3, 1층 (옥계동)",경상북도 구미시 옥계동 842-3 1층 
휴게음식점,1리터커피다스구미인동점,"경상북도 구미시 인동북길 171-2, 1층 (구평동)",경상북도 구미시 구평동 439-13 1층 
휴게음식점,미플하우스보드게임카페,"경상북도 구미시 산동읍 신당1로2길 15, 1동 2층 205호",경상북도 구미시 산동읍 신당리 1432 2층 1동 205호
휴게음식점,더리터구미원호점,"경상북도 구미시 고아읍 문장로 198, 1층 101호",경상북도 구미시 고아읍 원호리 444 1층 101호
휴게음식점,컴포즈커피구미선산점,"경상북도 구미시 선산읍 남문로3길 2, 1층",경상북도 구미시 선산읍 완전리 222 1층 
휴게음식점,에끌로흐,"경상북도 구미시 금오산로18길 14-19, 1층 (원평동)",경상북도 구미시 원평동 415 1층 
휴게음식점,해피왈츄,"경상북도 구미시 인동31길 22-8, 1층 (인의동)",경상북도 구미시 인의동 996-4 1층 
휴게음식점,더벤티구미순천향네거리점,"경상북도 구미시 1공단로 212, 1층 108호 (공단동)",경상북도 구미시 공단동 260-10 1층 108호
휴게음식점,이디야커피구미진평점,"경상북도 구미시 인동34길 22, 1층 (진평동)",경상북도 구미시 진평동 93-8 1층 
휴게음식점,텐퍼센트커피구미인동구평점,"경상북도 구미시 인동남길 182, 1층 (구평동)",경상북도 구미시 구평동 447-7 1층 
휴게음식점,컴포즈커피구미진평점,"경상북도 구미시 인동북길 105, 1층 (인의동)",경상북도 구미시 인의동 700-7 1층 
휴게음식점,컴포즈커피세영리첼점,"경상북도 구미시 산호대로 955-1, 세영리첼 더프라임 301동 지하1층 102호 (옥계동)",경상북도 구미시 옥계동 936 세영리첼 더프라임 지하1층 301동 102호
휴게음식점,하이커피,"경상북도 구미시 구미대로26길 24, 1층 (신평동)",경상북도 구미시 신평동 313-18 1층 
휴게음식점,핑퐁,"경상북도 구미시 인동중앙로 56, 3층 (인의동)",경상북도 구미시 인의동 346-6 3층 
휴게음식점,카페클라우든,"경상북도 구미시 인동21길 10-1, 1층 (인의동)",경상북도 구미시 인의동 698-10 1층 
휴게음식점,소디스에스프레소바구미,"경상북도 구미시 금오산로20길 5, 1층 (원평동)",경상북도 구미시 원평동 417-3 1층 
휴게음식점,목림커피,"경상북도 구미시 고아읍 문성로1길 13, 1층",경상북도 구미시 고아읍 문성리 1613 1층 
휴게음식점,커피베이구미산동확장단지점,"경상북도 구미시 산동읍 신당인덕2로 18, 주1동 1층",경상북도 구미시 산동읍 신당리 1513 1층 주1동 
휴게음식점,오누이떡방,"경상북도 구미시 형곡로26길 3, 1층 (형곡동)",경상북도 구미시 형곡동 292 1층 
휴게음식점,피닉스커피,"경상북도 구미시 옥계2공단로 466, 인동농협하나로마트(양포점) 1층 (옥계동)",경상북도 구미시 옥계동 457-6 인동농협하나로마트(양포점) 1층 
휴게음식점,코스모스파티세리,"경상북도 구미시 신시로24길 5, 1층 (송정동)",경상북도 구미시 송정동 13-10 1층 
휴게음식점,디스베리데이,"경상북도 구미시 고아읍 들성로 171, 301(상가)동 2층 205호 (구미고아세영리첼레이크뷰)",경상북도 구미시 고아읍 원호리 533 구미고아세영리첼레이크뷰 2층 301(상가)동 205호
휴게음식점,단비쿠키,"경상북도 구미시 박정희로25길 8-3, 1층 4호 (광평동, 동우광평2차전원타운)",경상북도 구미시 광평동 298-1 동우광평2차전원타운 1층 4호
휴게음식점,봉명동내커피구미인동점,"경상북도 구미시 여헌로6길 13, 1층 (인의동)",경상북도 구미시 인의동 641-46 1층 
휴게음식점,메가엠지씨커피구미송정푸르지오점,"경상북도 구미시 백산로2길 4, 1층 (송정동)",경상북도 구미시 송정동 11-7 1층 
휴게음식점,12문,"경상북도 구미시 야은로 740, 2층 (신평동)",경상북도 구미시 신평동 11-5 2층 
휴게음식점,봄봄카페3공단점,"경상북도 구미시 3공단1로 288, 1층 107호 (임수동)",경상북도 구미시 임수동 92-11 1층 107호
휴게음식점,에이바우트커피구미시청점,"경상북도 구미시 송정대로 7, 금산.금오상가 1층 (송정동)",경상북도 구미시 송정동 27-10 금산.금오상가 1층 
휴게음식점,본좌김밥상모점,"경상북도 구미시 상사서로 55, 상모프라자 1층 118호 (상모동)",경상북도 구미시 상모동 32-6 상모프라자 1층 118호
휴게음식점,멍더랜드,"경상북도 구미시 신시로10길 111, 1층 (송정동)",경상북도 구미시 송정동 488-21 1층 
휴게음식점,카페인중독구미진평점,"경상북도 구미시 인동26길 28, 1층 (진평동)",경상북도 구미시 진평동 108-3 1층 
휴게음식점,와플대학구미확장단지캠퍼스,"경상북도 구미시 산동읍 신당1로4길 3, 1층 104호",경상북도 구미시 산동읍 신당리 1416 1층 104호
휴게음식점,그린보트커피송정점,"경상북도 구미시 신시로 162, LOUVER111 2층 (송정동)",경상북도 구미시 송정동 11-1 LOUVER111 2층 
휴게음식점,일리터미소커피형곡점,"경상북도 구미시 형곡서로 83-1, 학원 1층 (형곡동)",경상북도 구미시 형곡동 167-1 학원 1층 
휴게음식점,도래,"경상북도 구미시 금오산로16길 6, 1층 (원평동)",경상북도 구미시 원평동 423-24 1층 
휴게음식점,하우커피구평점,"경상북도 구미시 인동38길 9-16, 종합프라자 1층 105호 (구평동)",경상북도 구미시 구평동 449-8 종합프라자 1층 105호
휴게음식점,더벤티구미공단점,"경상북도 구미시 1공단로5길 86-15, 베스트웨스턴구미호텔 가동 1층 (공단동)",경상북도 구미시 공단동 205 베스트웨스턴구미호텔 1층 가동 
휴게음식점,매머드익스프레스구미공단점,"경상북도 구미시 1공단로 192, 1층 10,11호 (공단동)","경상북도 구미시 공단동 264-18 1층 10,11호"
휴게음식점,단단씨,"경상북도 구미시 송정대로 99, 송정 유성푸르나임 1층 105호 (송정동)",경상북도 구미시 송정동 77 송정 유성푸르나임 1층 105호
휴게음식점,스윗쿵,"경상북도 구미시 산호대로31길 12-33, 1층 (옥계동)",경상북도 구미시 옥계동 740-8 1층 
휴게음식점,할리스구미상모사곡점,"경상북도 구미시 박정희로 259, 주1동 1층 (사곡동)",경상북도 구미시 사곡동 832 1층 주1동 
휴게음식점,폴라로이드카페,"경상북도 구미시 송원서로6길 34-8, 1층 (원평동)",경상북도 구미시 원평동 1057-6 1층 
휴게음식점,이딸라카페,"경상북도 구미시 선산읍 단계동길 24, 선산시장 A동 2층 59,60호","경상북도 구미시 선산읍 완전리 253 선산시장A동 2층 59,60호 "
휴게음식점,메가엠지씨커피구미상모점,"경상북도 구미시 상사서로 55, 상모프라자 1층 112호 (상모동)",경상북도 구미시 상모동 32-6 상모프라자 1층 112호
휴게음식점,버터랜딩,"경상북도 구미시 금오산로 339, 금오랜드 주5동 1층 (남통동)",경상북도 구미시 남통동 253 금오랜드 1층 주5동 
휴게음식점,더벤티구미문화예술회관점,"경상북도 구미시 백산로 145, 상가동 1층 104호 (송정동)",경상북도 구미시 송정동 65 1층 상가동 104호
휴게음식점,읍천리382상모사곡점,"경상북도 구미시 상사서로 60, 1층 (상모동)",경상북도 구미시 상모동 54-4 1층 
휴게음식점,스트릿1988구미구평점,"경상북도 구미시 인동남길 174, 1층 (구평동)",경상북도 구미시 구평동 447-1 1층 
휴게음식점,컴포즈커피구미1공단점,"경상북도 구미시 산호대로 213, 1층 112호 (공단동)",경상북도 구미시 공단동 252 1층 112호
휴게음식점,터무니커피,"경상북도 구미시 원남로1길 32, 1층 (남통동)",경상북도 구미시 남통동 1-10 1층 
휴게음식점,한영북카페,"경상북도 구미시 산호대로 253, 1층 (공단동)",경상북도 구미시 공단동 256-24 1층 
휴게음식점,꾸움,"경상북도 구미시 신비로 39, e편한세상구미파크밸리 상가동 1층 111호 (공단동)",경상북도 구미시 공단동 601 e편한세상구미파크밸리 1층 상가동 111호
휴게음식점,천씨씨커피구미신평점,"경상북도 구미시 구미대로 398, 가동 1층 (신평동)",경상북도 구미시 신평동 124-6 1층 가동 
휴게음식점,투밋,"경상북도 구미시 원남로 98, 1층 (원평동)",경상북도 구미시 원평동 90-6 1층 
휴게음식점,오늘의카페,"경상북도 구미시 문장로12길 5-18, 1층 (도량동)",경상북도 구미시 도량동 742-9 1층 
휴게음식점,더벤티구미3공단점,"경상북도 구미시 3공단1로 284, 태영빌딩 1층 (임수동)",경상북도 구미시 임수동 92-77 태영빌딩 1층 
휴게음식점,빽다방구미4공단점,"경상북도 구미시 산동읍 첨단기업1로 10, 1층",경상북도 구미시 산동읍 봉산리 577-2 1층 
휴게음식점,공차구미문성점,"경상북도 구미시 고아읍 들성로 177, 1동 1층",경상북도 구미시 고아읍 문성리 637 1층 1동 
휴게음식점,햇밀,"경상북도 구미시 개화길 16, 1층 (도량동)",경상북도 구미시 도량동 792-100 1층 
휴게음식점,파스쿠찌구미역점,"경상북도 구미시 구미중앙로13길 6, 주1동 1,2층 (원평동)","경상북도 구미시 원평동 129-24 1,2층 주1동 "
휴게음식점,더벤티선산점,"경상북도 구미시 선산읍 남문로 54-1, 1층",경상북도 구미시 선산읍 동부리 410-11 1층 
휴게음식점,더벤티산동점,"경상북도 구미시 산동읍 동백로 6, 1층",경상북도 구미시 산동읍 적림리 65-2 1층 
휴게음식점,크린에이드구미본점,"경상북도 구미시 봉곡로 154, 1층 (봉곡동)",경상북도 구미시 봉곡동 234-1 1층 
휴게음식점,레드애플구미옥계점,"경상북도 구미시 옥계남로 7-3, 주1동 1층 (옥계동)",경상북도 구미시 옥계동 861-4 1층 주1동 
휴게음식점,스테이카페,"경상북도 구미시 산동읍 옥계2공단로 583, 1동 1층",경상북도 구미시 산동읍 성수리 산 16-3 1층 1동 
휴게음식점,에이바우트커피구미봉곡점,"경상북도 구미시 봉곡로18길 24, 1층 (봉곡동)",경상북도 구미시 봉곡동 288-5 1층 
휴게음식점,요기디저트,"경상북도 구미시 인동38길 9-8, 종합프라자 1층 106호 (구평동)",경상북도 구미시 구평동 449-5 1층 106호
휴게음식점,폴바셋구미봉곡DT점,"경상북도 구미시 야은로 274, 주1동 1,2층 (봉곡동)","경상북도 구미시 봉곡동 48-2 1,2층 주1동 "
휴게음식점,엠마베이커리,"경상북도 구미시 신시로 74, 1층 (형곡동)",경상북도 구미시 형곡동 854 1층 
휴게음식점,이디야커피구미임은DI점,"경상북도 구미시 왕산로5길 13, 주2동 1층 (임은동)",경상북도 구미시 임은동 317-5 1층 주2동 
휴게음식점,어나더데이,"경상북도 구미시 고아읍 원대로24길 10-4, 다동 1,2층","경상북도 구미시 고아읍 대망리 372 1,2층 다동 "
휴게음식점,스테이새마을,"경상북도 구미시 박정희로 118, 2층 (상모동)",경상북도 구미시 상모동 110-1 2층 
휴게음식점,경기미당진평점,"경상북도 구미시 인동18길 22, 1층 (진평동)",경상북도 구미시 진평동 32-2 1층 
휴게음식점,십육스트리트,"경상북도 구미시 상사동로16길 2, 1층 (사곡동)",경상북도 구미시 사곡동 219-3 1층 
휴게음식점,바게뜨양구미점,"경상북도 구미시 인동54길 26, 1층 (구평동)",경상북도 구미시 구평동 1081 1층 
휴게음식점,퍼즈타임,"경상북도 구미시 구미중앙로5길 1-7, 1층 (원평동)",경상북도 구미시 원평동 63-5 1층 
휴게음식점,트리플카페,"경상북도 구미시 상사동로 41, A동 1층 (상모동)",경상북도 구미시 상모동 67-4 1층 A동 
휴게음식점,하우커피옥계점,"경상북도 구미시 산호대로25길 16, 1층 (옥계동)",경상북도 구미시 옥계동 635-1 1층 
휴게음식점,메가엠지씨커피구미인동점,"경상북도 구미시 인동가산로 15-5, 1층 (황상동)",경상북도 구미시 황상동 314-1 1층 
휴게음식점,더벤티구미사곡역점,"경상북도 구미시 상사서로 176, 1층 (사곡동)",경상북도 구미시 사곡동 672-12 1층 
휴게음식점,푸르어스구미점,"경상북도 구미시 인동중앙로10길 15-4, 1층 (인의동)",경상북도 구미시 인의동 421-1 1층 
휴게음식점,텐퍼센트커피구미공단점,"경상북도 구미시 1공단로 212, 1층 102호 (공단동)",경상북도 구미시 공단동 260-10 1층 102호
휴게음식점,꼬숨도치,"경상북도 구미시 고아읍 가들로2길 3, 1층",경상북도 구미시 고아읍 문성리 1895 1층 
휴게음식점,엘림카페,"경상북도 구미시 금오산로18길 10, 1층 (원평동)",경상북도 구미시 원평동 415-25 1층 
휴게음식점,에이바우트인동점,"경상북도 구미시 인동북길 43, 1층 (인의동)",경상북도 구미시 인의동 843-3 1층 
휴게음식점,더로프,"경상북도 구미시 도봉로 76-51, 1층 103호 (도량동)",경상북도 구미시 도량동 227-2 1층 103호
휴게음식점,카페인중독봉곡점,"경상북도 구미시 봉곡로 131, 1동 1층 (봉곡동)",경상북도 구미시 봉곡동 276-7 1층 1동 
휴게음식점,스타벅스구미인의DT점,"경상북도 구미시 인동북길 149, 주1동 1,2층 (인의동)","경상북도 구미시 인의동 1005-6 1,2층 주1동 "
휴게음식점,파스텔,"경상북도 구미시 옥계신당로1길 2-1, 1층 (옥계동)",경상북도 구미시 옥계동 1023 1층 
휴게음식점,카페보스구미송정점,"경상북도 구미시 신시로10길 56, 1층 (송정동)",경상북도 구미시 송정동 477-12 1층 
휴게음식점,쥬씨구미산동점,"경상북도 구미시 산동읍 신당2로1길 6, 상가2동 1층 108호",경상북도 구미시 산동읍 신당리 1391 1층 상가2동 108호
휴게음식점,엄마의부엌,"경상북도 구미시 형곡로 158, 1층 (형곡동)",경상북도 구미시 형곡동 292-2 1층 
휴게음식점,카페소복담,"경상북도 구미시 선산읍 선주로 159, 1동 1층",경상북도 구미시 선산읍 동부리 812 1층 1동 
휴게음식점,커피위더스,"경상북도 구미시 고아읍 대평14길 11, 1동 1층",경상북도 구미시 고아읍 괴평리 1112-420 1층 1동 
휴게음식점,상사동커피,"경상북도 구미시 상사동로 143, 1층 101호 (사곡동)",경상북도 구미시 사곡동 484-12 1층 101호
휴게음식점,캐리지밸리,"경상북도 구미시 여헌로10안길 25, 주1동 1,2층 (인의동)","경상북도 구미시 인의동 41-2 1,2층 주1동 "
휴게음식점,천씨씨커피구평점,"경상북도 구미시 인동36길 5, 1층 (구평동)",경상북도 구미시 구평동 446-1 1층 
휴게음식점,옥이랑커피,"경상북도 구미시 해평면 해평시장1길 11, 1층",경상북도 구미시 해평면 낙성리 58-21 1층 
휴게음식점,백억커피구미옥계점,"경상북도 구미시 산호대로35길 17, 1층 (옥계동)",경상북도 구미시 옥계동 734-4 1층 
휴게음식점,아주멋진커피클럽,"경상북도 구미시 백산로2길 47, 1층 (송정동)",경상북도 구미시 송정동 28-1 1층 
휴게음식점,더벤티문성점,"경상북도 구미시 고아읍 가들로 32, 1층",경상북도 구미시 고아읍 문성리 1854 1층 
휴게음식점,커피솜빵,"경상북도 구미시 인동중앙로5길 16-11, 1층 (황상동)",경상북도 구미시 황상동 307-4 1층 
휴게음식점,과일욤,"경상북도 구미시 흥안로 3, 1층 (옥계동)",경상북도 구미시 옥계동 559-3 1층 
휴게음식점,더벤티구미봉곡점,"경상북도 구미시 봉곡남로 116, 1층 (봉곡동)",경상북도 구미시 봉곡동 384-7 1층 
휴게음식점,카페마타마타구미옥계점,"경상북도 구미시 옥계북로 60-1, 1층 (옥계동)",경상북도 구미시 옥계동 733-5 1층 
휴게음식점,빽다방구미봉곡점,"경상북도 구미시 봉곡남로 68, 1층 (봉곡동)",경상북도 구미시 봉곡동 362-1 1층 
휴게음식점,어부딸고양이,"경상북도 구미시 옥계북로1길 7-2, 1층 (옥계동)",경상북도 구미시 옥계동 882-5 1층 
휴게음식점,데일리,"경상북도 구미시 문장로 84-1, 1층 (도량동)",경상북도 구미시 도량동 792-161 1층 
휴게음식점,차차커피코구미옥계1호점,"경상북도 구미시 옥계북로 34, 원광빌딩 1층 102호 (옥계동)",경상북도 구미시 옥계동 833-4 원광빌딩 1층 102호
휴게음식점,커피우드옥계점,"경상북도 구미시 산호대로35길 9, 1층 (옥계동)",경상북도 구미시 옥계동 736-4 1층 
휴게음식점,할리스구미오태DT점,"경상북도 구미시 금오대로 320, 주1동 1,2층 (오태동)","경상북도 구미시 오태동 622-3 1,2층 주1동 "
휴게음식점,몬스터커피구미원평아이파크더샵점,"경상북도 구미시 금오산로6길 12, 402동 1층 105호 (원평동, 구미아이파크더샵아파트)",경상북도 구미시 원평동 330-2 1층 402동 105호
휴게음식점,카페게코블랑,"경상북도 구미시 금오산로22길 36-15, 나동 1층 (원평동)",경상북도 구미시 원평동 395-6 1층 나동 
휴게음식점,십이월칠일,"경상북도 구미시 흥안로2길 10, 1층 (옥계동)",경상북도 구미시 옥계동 553-7 1층 
휴게음식점,각각구미산동점,"경상북도 구미시 산동읍 신당1로2길 5, 1동 1층 104호",경상북도 구미시 산동읍 신당리 1437 1층 1동 104호
휴게음식점,1리터리얼커피비산점,"경상북도 구미시 신비로 125, 나동 1층 (비산동)",경상북도 구미시 비산동 454-5 1층 나동 
휴게음식점,블랑제리길구미하우스,"경상북도 구미시 산호대로 354-25, 1층 (공단동)",경상북도 구미시 공단동 130-9 1층 
휴게음식점,이디야커피구미상모점,"경상북도 구미시 박정희로 99-7, 2층 (상모동)",경상북도 구미시 상모동 191-9 2층 
휴게음식점,쿡키즈아카데미,"경상북도 구미시 산동읍 신당2로 29, 1동 5층 505호",경상북도 구미시 산동읍 신당리 1431 5층 1동 505호
휴게음식점,그린푸드하우스,"경상북도 구미시 봉곡남로20길 32, 1층 101호 (봉곡동, 하늘선타운하우스)",경상북도 구미시 봉곡동 415-3 1층 101호
휴게음식점,원스애플,"경상북도 구미시 산동읍 신당2로 57, 1동 1층 103호",경상북도 구미시 산동읍 신당리 1393 1층 1동 103호
휴게음식점,러브띵스,"경상북도 구미시 칠성로6길 45, 나동 1층 (신평동)",경상북도 구미시 신평동 12-11 1층 나동 
휴게음식점,모모앤구미,"경상북도 구미시 진평2길 9-2, 1층 (진평동)",경상북도 구미시 진평동 284-6 1층 
휴게음식점,팜플라워카페,"경상북도 구미시 산동읍 해마루공원로 345, C동 1층",경상북도 구미시 산동읍 신당리 1713 1층 C동 
휴게음식점,구우미,"경상북도 구미시 구미중앙로5길 15-8, 1층 (원평동)",경상북도 구미시 원평동 14-21 1층 
휴게음식점,오느레케이크,"경상북도 구미시 인동7길 6, 105호 (인의동, 진흥3차명문빌라)",경상북도 구미시 인의동 845-1 진흥3차명문빌라 105호
휴게음식점,원바이트원,"경상북도 구미시 옥계북로1길 7-12, 1층 (옥계동)",경상북도 구미시 옥계동 882-1 1층 
휴게음식점,투썸플레이스구미원평디티점,"경상북도 구미시 산업로 196, 1,2층 (원평동)","경상북도 구미시 원평동 1033 1,2층 "
휴게음식점,메가엠지씨커피구미문성점,"경상북도 구미시 고아읍 문성로 17, 1층",경상북도 구미시 고아읍 문성리 1633 1층 
휴게음식점,베이커리카페두이두이,"경상북도 구미시 인동60길 7, 나동 1층 (구평동)",경상북도 구미시 구평동 103 1층 나동 
휴게음식점,더벤티구미광평점,"경상북도 구미시 구미대로 186-22, 상가동 1층 103호 (광평동)",경상북도 구미시 광평동 792-15 1층 상가동 103호
휴게음식점,하삼동커피원평점,"경상북도 구미시 구미중앙로17길 21, 1층 (원평동)",경상북도 구미시 원평동 149-1 1층 
휴게음식점,백억커피구미진평점,"경상북도 구미시 인동26길 35-2, 1층 (진평동)",경상북도 구미시 진평동 145-1 1층 
휴게음식점,텐퍼센트송정점,"경상북도 구미시 송정대로 96, 1층 (송정동)",경상북도 구미시 송정동 456 1층 
휴게음식점,까페마중,"경상북도 구미시 무을면 안곡2길 57-2, 주1동 1층",경상북도 구미시 무을면 안곡리 337 1층 주1동 
휴게음식점,카페보스구미상모점,"경상북도 구미시 상사동로 62, 1층 (임은동)",경상북도 구미시 임은동 437-26 1층 
휴게음식점,카페플렉스,"경상북도 구미시 산업로4길 42, 1층 (원평동)",경상북도 구미시 원평동 120-15 1층 
휴게음식점,에이바우트상모사곡점,"경상북도 구미시 상사동로24길 8, 1층 (사곡동)",경상북도 구미시 사곡동 670-3 1층 
휴게음식점,아치하우스,"경상북도 구미시 봉곡로18길 17-1, 가동 1층 (봉곡동)",경상북도 구미시 봉곡동 230-6 1층 가동 
휴게음식점,옥시기,"경상북도 구미시 원남로3길 42-1, 1층 (남통동)",경상북도 구미시 남통동 11-13 1층 
휴게음식점,더벤티구미도산초교점,"경상북도 구미시 문장로 86-2, 1층 (도량동)",경상북도 구미시 도량동 792-159 1층 
휴게음식점,카페빅터,"경상북도 구미시 산호대로29길 8-10, 1층 (옥계동)",경상북도 구미시 옥계동 843-4 1층 
휴게음식점,쁘띠프레젠,"경상북도 구미시 인동54길 32-24, 1층 (구평동)",경상북도 구미시 구평동 1052 1층 
휴게음식점,옐로우레빗츠,"경상북도 구미시 부곡길 104, 1층 (부곡동)",경상북도 구미시 부곡동 532-6 1층 
휴게음식점,메가엠지씨커피구미산동적림점,"경상북도 구미시 산동읍 강동로 1010-1, 1층",경상북도 구미시 산동읍 적림리 70-5 1층 
휴게음식점,킷사텐니코니코,"경상북도 구미시 인동중앙로2길 7-1, 1층 101호 (인의동, 대연아크로팰리스)",경상북도 구미시 인의동 377 1층 101호
휴게음식점,오드커피,"경상북도 구미시 고아읍 신원대로 64-12, 주1동 1층",경상북도 구미시 고아읍 원호리 262-15 1층 주1동 
휴게음식점,크루아,"경상북도 구미시 금오산로12길 6, 1,2층 (원평동)","경상북도 구미시 원평동 429-7 1,2층 "
휴게음식점,으니네오븐,"경상북도 구미시 흥안로 48, 209동 1층 103호 (옥계동)",경상북도 구미시 옥계동 543 1층 209동 103호
휴게음식점,카페헨젤과그레텔,"경상북도 구미시 봉곡로 48, 1층 (봉곡동)",경상북도 구미시 봉곡동 441-4 1층 
휴게음식점,알커피,"경상북도 구미시 인동38길 15-8, 1층 (구평동)",경상북도 구미시 구평동 451-5 1층 
휴게음식점,우즈베이커리구미원호점,"경상북도 구미시 고아읍 평성로10길 5-7, 1,2동 1,2층","경상북도 구미시 고아읍 원호리 483-1 1,2층 1,2동 "
휴게음식점,이레,"경상북도 구미시 고아읍 동평로7길 3, 1동 1층",경상북도 구미시 고아읍 문성리 1569 1층 1동 
휴게음식점,밍글스케이크,"경상북도 구미시 구미중앙로15길 13-2, 1층 (원평동)",경상북도 구미시 원평동 142-2 1층 
휴게음식점,카페일리터형곡점,"경상북도 구미시 형곡로27길 13, 3층 (형곡동)",경상북도 구미시 형곡동 235-3 3층 
휴게음식점,티파니커피숍,"경상북도 구미시 형곡동로 115, 1층 (형곡동)",경상북도 구미시 형곡동 146-2 1층 
휴게음식점,에이바우트커피문성원호점,"경상북도 구미시 고아읍 평성로 34, 주1동 1층",경상북도 구미시 고아읍 원호리 743 1층 주1동 
휴게음식점,금오공과대학교소비자생활협동조합학생회관,"경상북도 구미시 대학로 61, 금오공과대학교 학생회관 지1층 (양호동)",경상북도 구미시 양호동 1 금오공과대학교 학생회관 지1층 
휴게음식점,산동도서관북카페,"경상북도 구미시 산동읍 신당3로1길 4, 1층",경상북도 구미시 산동읍 신당리 1724 1층 
휴게음식점,차카지오,"경상북도 구미시 금오산상가길 13, 1층 2호 (남통동)",경상북도 구미시 남통동 314-7 1층 2호
휴게음식점,더벤티구미산동우미린점,"경상북도 구미시 산동읍 신당인덕3로 3, 우미린풀하우스 1동 1층 106호",경상북도 구미시 산동읍 인덕리 1102 우미린풀하우스 1층 1동 106호
휴게음식점,투썸플레이스구미산동점,"경상북도 구미시 산동읍 강동로 1019-6, 1층",경상북도 구미시 산동읍 적림리 100-3 1층 
휴게음식점,구미도그,"경상북도 구미시 4공단로 500, 1층 (금전동)",경상북도 구미시 금전동 11-3 1층 
휴게음식점,아베끄,"경상북도 구미시 구미중앙로23길 34, 1층 (원평동)",경상북도 구미시 원평동 964-59 1층 
휴게음식점,굳띵즈,"경상북도 구미시 인동21길 22-11, 브이티이코프사옥 1층 (인의동)",경상북도 구미시 인의동 669-10 브이티이코프사옥 1층 
휴게음식점,더벤티옥계에덴점,"경상북도 구미시 흥안로 14, 1층 (옥계동)",경상북도 구미시 옥계동 555-4 1층 
휴게음식점,하삼동커피봉곡도량점,"경상북도 구미시 봉곡로 176, 1층 101호 (봉곡동)",경상북도 구미시 봉곡동 167-8 1층 101호
휴게음식점,메가엠지씨커피구미사곡역점,"경상북도 구미시 상사서로 173-3, 1층 (사곡동)",경상북도 구미시 사곡동 674-1 1층 
휴게음식점,더리터구미선산점,"경상북도 구미시 선산읍 남문로 46-1, 1층",경상북도 구미시 선산읍 동부리 398-3 1층 
휴게음식점,더커피구미진평점,"경상북도 구미시 인동26길 44, 1층 (진평동)",경상북도 구미시 진평동 119-6 1층 
휴게음식점,카페인중독구미산동점,"경상북도 구미시 산동읍 신당1로3길 17-6, 1동 1층 104호",경상북도 구미시 산동읍 신당리 1418 1층 1동 104호
휴게음식점,아미브레인동점,"경상북도 구미시 인동중앙로11길 33, 1층 (황상동)",경상북도 구미시 황상동 303-24 1층 
휴게음식점,카페정경,"경상북도 구미시 부봉로 64, 1,2층 (부곡동)","경상북도 구미시 부곡동 313-13 1,2층 "
휴게음식점,만랩커피구미송정점,"경상북도 구미시 송정대로 77, 1층 104호 (송정동)",경상북도 구미시 송정동 74 1층 104호
휴게음식점,미담,"경상북도 구미시 인동중앙로2길 2, 2층 (인의동)",경상북도 구미시 인의동 374-4 2층 
휴게음식점,새마을북카페,"경상북도 구미시 박정희로 155, 새마을운동테마공원 전시관 1층 주1동 (상모동)",경상북도 구미시 상모동 550 새마을운동테마공원 전시관 1층 주1동 
휴게음식점,메가엠지씨커피구미형곡전원점,"경상북도 구미시 형곡동로 103, 1층 103호 (형곡동, 형곡 전원 리빙필)",경상북도 구미시 형곡동 146-7 1층 103호
휴게음식점,더벤티구미인동하늘채점,"경상북도 구미시 여헌로 40-13, 301동 1층 104호 (인의동, 구미인동하늘채디어반)",경상북도 구미시 인의동 1023 구미인동하늘채디어반 1층 301동 104호
휴게음식점,공차롯데마트구미점,"경상북도 구미시 구미대로22길 11, 롯데마트구미점 2층 (신평동)",경상북도 구미시 신평동 465 롯데마트구미점 2층 
휴게음식점,행복한화가,"경상북도 구미시 금오대로3길 6-10, 2층 (오태동)",경상북도 구미시 오태동 737-5 2층 
휴게음식점,크리미양,"경상북도 구미시 형곡로28길 7, 101호 (형곡동, 청솔빌라)",경상북도 구미시 형곡동 302 청솔빌라 101호
휴게음식점,더커피시그니처인동점,"경상북도 구미시 인동중앙로5길 40, 1층 (황상동)",경상북도 구미시 황상동 355-1 1층 
휴게음식점,카페그린리,"경상북도 구미시 인동11길 34-5, 1층 (인의동)",경상북도 구미시 인의동 646-5 1층 
휴게음식점,빅토리24커피,"경상북도 구미시 봉곡서로5길 11, 1층 (봉곡동)",경상북도 구미시 봉곡동 245-9 1층 
휴게음식점,코오롱엘에스아이(주)구미점,경상북도 구미시 수출대로 48 (주)코오롱구미공장 1동 2층 (공단동),경상북도 구미시 공단동 212 (주)코오롱구미공장 2층 1동 
휴게음식점,더벤티구미강동점,"경상북도 구미시 인동20길 45, 1층 (진평동)",경상북도 구미시 진평동 120-1 1층 
휴게음식점,코드카페,"경상북도 구미시 산동읍 첨단기업1로 17, 구미전자정보기술원 주2(혁신관)동 1층",경상북도 구미시 산동읍 봉산리 567 구미전자정보기술원 1층 주2(혁신관)동 
휴게음식점,빽다방구미송정푸르지오점,"경상북도 구미시 백산로 64, 1층 (송정동)",경상북도 구미시 송정동 10-1 1층 
휴게음식점,마실커피구미상모점,"경상북도 구미시 상모로10길 5-3, 1층 (상모동)",경상북도 구미시 상모동 50-8 1층 
휴게음식점,씨엘,"경상북도 구미시 야은로 37, 구미1대학교 기숙사동 지하1층 (부곡동)",경상북도 구미시 부곡동 407 구미1대학교 지하1층 기숙사동 
휴게음식점,꿀벌카페,"경상북도 구미시 구미대로 174, 홈플러스 구미광평점 지하1층 (광평동)",경상북도 구미시 광평동 792-21 홈플러스 구미광평점 지하1층 
휴게음식점,카페야은로,"경상북도 구미시 야은로 736, 1층 (신평동)",경상북도 구미시 신평동 11-11 1층 
휴게음식점,행복한정원,"경상북도 구미시 선산읍 선상동로 125-118, 은파재영성훈련원 1층",경상북도 구미시 선산읍 생곡리 791-2 은파재영성훈련원 1층 
휴게음식점,더원트구미황상점,"경상북도 구미시 검성로 66, 1층 (황상동)",경상북도 구미시 황상동 201-22 1층 
휴게음식점,디저트39구미신평점,"경상북도 구미시 신비로 16, 1층 (신평동)",경상북도 구미시 신평동 96-1 1층 
휴게음식점,핑크문,"경상북도 구미시 봉곡로18길 29-4, 1층 (봉곡동)",경상북도 구미시 봉곡동 226-5 1층 
휴게음식점,디디씨,"경상북도 구미시 산동읍 신당1로1길 17-7, 1층 108,109,110,111,112,113호","경상북도 구미시 산동읍 신당리 1449 1층 108,109,110,111,112,113호 "
휴게음식점,어썸커피,"경상북도 구미시 산동읍 신당4로 115, 나비메디컬타워 1동 1층 110호",경상북도 구미시 산동읍 신당리 1395 나비메디컬타원 1동 110호
휴게음식점,빈이커피구미임은점,"경상북도 구미시 임은길 68, 주2동 1층 (임은동)",경상북도 구미시 임은동 378-2 1층 주2동 
휴게음식점,더마이무,"경상북도 구미시 원남로 59, 1층 (원평동)",경상북도 구미시 원평동 77-29 1층 
휴게음식점,에이바우트커피신평비산점,"경상북도 구미시 구미대로 389-20, 1층 (신평동)",경상북도 구미시 신평동 150-70 
휴게음식점,더커피구미산동점,"경상북도 구미시 산동읍 신당1로2길 10, 아이프라자2차 1층 105호",경상북도 구미시 산동읍 신당리 1457 아이파라자2차 1층 105호
휴게음식점,더벤티구미도량주공점,"경상북도 구미시 송동로 149, 1층 (도량동)",경상북도 구미시 도량동 90 1층 
휴게음식점,다꿈과자당,"경상북도 구미시 형곡로 161, 1층 (형곡동)",경상북도 구미시 형곡동 285-6 1층 
휴게음식점,엠유엠커피,"경상북도 구미시 백산로 82, 1층 (송정동)",경상북도 구미시 송정동 35-1 1층 
휴게음식점,데이오프,"경상북도 구미시 고아읍 들성로 185-9, 1층",경상북도 구미시 고아읍 문성리 632-1 1층 
휴게음식점,모트,"경상북도 구미시 고아읍 동평로 20, 1층",경상북도 구미시 고아읍 문성리 1638 1층 
휴게음식점,루미너스,"경상북도 구미시 역전로2길 6, 1층 내2호 (원평동)",경상북도 구미시 원평동 157-2 1층 내2호
휴게음식점,브리즐리,"경상북도 구미시 금오산로 37, 1층 (원평동)",경상북도 구미시 원평동 337-2 1층 
일반음식점,까페라헨느,경상북도 구미시 봉곡남로9길 21 (봉곡동),경상북도 구미시 봉곡동 237-5 
일반음식점,벌툰만화까페구미원평점,"경상북도 구미시 구미중앙로 113 (원평동, 2층)",경상북도 구미시 원평동 368-4 2층 
일반음식점,분식까페,"경상북도 구미시 금오시장로4길 5-6, 1층 (원평동)",경상북도 구미시 원평동 1032-25 1층 
일반음식점,길까페포차,"경상북도 구미시 인동38길 15-7, 구평종합프라자 1층 110호 (구평동)",경상북도 구미시 구평동 449-4 구평종합프라자 1층 110호
일반음식점,이기자민속카페,경상북도 구미시 봉곡남로18길 15-2 (봉곡동),경상북도 구미시 봉곡동 408-1 
일반음식점,파크베이커리카페신동점,"경상북도 구미시 인동가산로 473-24, 1층 (신동)",경상북도 구미시 신동 657-2 1층 
일반음식점,본죽앤비빔밥카페 구미역점,"경상북도 구미시 구미중앙로 91 (원평동, 1층)",경상북도 구미시 원평동 94-1 1층 
일반음식점,뮤즈라이브카페,"경상북도 구미시 신시로 68-5 (형곡동,지하)",경상북도 구미시 형곡동 854-5 지하 
일반음식점,본죽앤비빔밥카페옥계점,"경상북도 구미시 옥계북로 17 (옥계동,(지번확정))",경상북도 구미시 옥계동 891-4 (지번확정) 
일반음식점,카페123,경상북도 구미시 구미중앙로 72 (원평동),경상북도 구미시 원평동 123-16 
일반음식점,카페삼겹살,"경상북도 구미시 인동가산로 337-28 (구평동,1층)",경상북도 구미시 구평동 964 1층 
일반음식점,구미8층7080라이브카페,"경상북도 구미시 봉곡로 100 (봉곡동,8층)",경상북도 구미시 봉곡동 378-7 8층 
일반음식점,카페홍,"경상북도 구미시 산호대로33길 6-67, 1층 (옥계동)",경상북도 구미시 옥계동 745-2 1층 
일반음식점,카페풍경,"경상북도 구미시 금오산상가길 9-12 (남통동,3호 2층)",경상북도 구미시 남통동 291 3호 2층 
일반음식점,라이브카페바바라,"경상북도 구미시 원남로 7 (남통동,501호)",경상북도 구미시 남통동 14-52 501호 
일반음식점,김밥in카페,"경상북도 구미시 인동중앙로6길 39, 1층 (인의동)",경상북도 구미시 인의동 488 외2필지 1층 
일반음식점,카페블랑,"경상북도 구미시 선기로2길 5-48, 1층 (선기동)",경상북도 구미시 선기동 747-102 1층 
일반음식점,카페미술관,"경상북도 구미시 인동50길 15, B동 1층 (구평동, 외3필지1층)",경상북도 구미시 구평동 380-1 외3필지1층 B동 
일반음식점,7080라이브카페,"경상북도 구미시 옥계2공단로 264-4, 가동 2층 (구포동)",경상북도 구미시 구포동 678-6 외 1필지 가동 2층 
일반음식점,카페희,"경상북도 구미시 고아읍 들성로9길 29, 201동 1층 101호",경상북도 구미시 고아읍 문성리 1152 1층 201동 101호
일반음식점,소풍카페,"경상북도 구미시 신시로10길 110-5, 1층 (송정동)",경상북도 구미시 송정동 491 1층 
일반음식점,7080민들레라이브카페,"경상북도 구미시 원남로 51, 지하 101호 (원평동, 청산빌라)",경상북도 구미시 원평동 77-60 청산빌라 지하 101호 
일반음식점,아담한카페,"경상북도 구미시 검성로 198-14, 1층 (황상동)",경상북도 구미시 황상동 65-5 1층 
일반음식점,행아웃라이브카페,"경상북도 구미시 인동36길 6, 8층 (진평동)",경상북도 구미시 진평동 67-3 8층 
일반음식점,카페그곳에,"경상북도 구미시 형곡서로1길 23-11, 1층 (형곡동)",경상북도 구미시 형곡동 698-1 1층 
일반음식점,카페인타임,"경상북도 구미시 신비로 121-3, 2층 (비산동)",경상북도 구미시 비산동 455-6 2층 
일반음식점,카페메종,"경상북도 구미시 금오산상가길 9-8, 2층 (남통동)",경상북도 구미시 남통동 270-3 2층 
일반음식점,카페언덕,"경상북도 구미시 고아읍 봉한1안길 55-75, 1~2층",경상북도 구미시 고아읍 문성리 3-1 1~2층 
일반음식점,대리사카페,"경상북도 구미시 1공단로 190, 지하1층 (공단동)",경상북도 구미시 공단동 264-24 지하1층 
일반음식점,나인시스터플라워카페,"경상북도 구미시 인동28길 51, 1층 (진평동)",경상북도 구미시 진평동 1058-1 1층 
일반음식점,카페뷰,"경상북도 구미시 산동읍 강동로 862-7, 1동 2층",경상북도 구미시 산동읍 인덕리 546-23 2층 1동 
일반음식점,카페죽이야기고아문성점,"경상북도 구미시 고아읍 들성로9길 4-13, 1층",경상북도 구미시 고아읍 문성리 1260-4 1층 
일반음식점,프리존카페,"경상북도 구미시 성수3길 90, 1,2층 (옥계동)","경상북도 구미시 옥계동 488-7 1,2층 "
일반음식점,영프레리키즈카페,"경상북도 구미시 산동읍 신당1로 30, 탑 스퀘어 1동 5층 501호",경상북도 구미시 산동읍 신당리 1438 탑 스퀘어 5층 1동 501호
일반음식점,본죽앤비빔밥카페구미산동점,"경상북도 구미시 산동읍 신당1로1길 17-10, 1동 1층 103호",경상북도 구미시 산동읍 신당리 1445 1층 1동 103호
일반음식점,무궁화커피카페,"경상북도 구미시 해평면 해평시장1길 16-11, 1층",경상북도 구미시 해평면 낙성리 148-7 1층 
일반음식점,에코카페,"경상북도 구미시 산동읍 강동로 876, 2동 1,2층","경상북도 구미시 산동읍 인덕리 544-6 1,2층 2동 "
일반음식점,이춘봉치킨앤내모든카페상모사곡점,"경상북도 구미시 상사동로 105, 1층 (임은동)",경상북도 구미시 임은동 805-2 1층 
일반음식점,카페로사인동점,"경상북도 구미시 인동중앙로3길 15-1, 1층 (황상동)",경상북도 구미시 황상동 310 1층 
일반음식점,카페2426,"경상북도 구미시 금오대로24길 26, 나동 1층 (오태동)",경상북도 구미시 오태동 749-6 1층 나동 
일반음식점,좋은날카페,"경상북도 구미시 선산읍 선산중앙로14길 6, 1층",경상북도 구미시 선산읍 완전리 89-3 1층 
일반음식점,카페봄봄구미도개점,"경상북도 구미시 도개면 도안로 115-1, 1층",경상북도 구미시 도개면 궁기리 750-15 1층 
일반음식점,번개7080라이브카페,"경상북도 구미시 인동32길 15, 3층 (진평동)",경상북도 구미시 진평동 84-8 3층 
일반음식점,카페바로크,"경상북도 구미시 산동읍 신당1로1길 17-7, 플러스에비뉴동 503호",경상북도 구미시 산동읍 신당리 1449 플러스에비뉴 503호
일반음식점,스넥카페,"경상북도 구미시 형곡로 155, 1층 (형곡동)",경상북도 구미시 형곡동 285-8 1층 
일반음식점,825카페,"경상북도 구미시 수출대로31길 29, 1층 (인의동)",경상북도 구미시 인의동 825-1 1층 
일반음식점,카페있기,"경상북도 구미시 고아읍 문장로22길 37, 한누리타운3차 9(상가)동 2층 201호",경상북도 구미시 고아읍 원호리 447 한누리타운3차 2층 9(상가)동 201호
일반음식점,카페보리,"경상북도 구미시 구미대로 4, 1층 (임은동)",경상북도 구미시 임은동 246-2 1층 
일반음식점,카페타로연,"경상북도 구미시 인동28길 9-5, 1층 (진평동)",경상북도 구미시 진평동 76-7 1층 
일반음식점,꽃향기카페,"경상북도 구미시 원남로3길 16-1, 1층 (원평동)",경상북도 구미시 원평동 77-38 1층 
일반음식점,도자예술창고엔갤러리카페,"경상북도 구미시 금오산로 205, 2동 2층 (남통동)",경상북도 구미시 남통동 414-4 2층 2동 
일반음식점,카페보스구미옥계점,"경상북도 구미시 산호대로24길 9-35, 1층 101호 (옥계동)",경상북도 구미시 옥계동 968-2 1층 101호
일반음식점,카페코너,"경상북도 구미시 고아읍 문성로6길 4-14, 주1동 1층",경상북도 구미시 고아읍 문성리 1910 1층 주1동 
일반음식점,카페다온,"경상북도 구미시 구미중앙로27길 6, 1층 (원평동)",경상북도 구미시 원평동 1037-14 1층 
일반음식점,카페일,"경상북도 구미시 수출대로31길 39-1, 지하1층 (황상동)",경상북도 구미시 황상동 205-1 지하1층 
일반음식점,카페풀문앤하프문스튜디오,"경상북도 구미시 신시로 3-1, 1층 (형곡동)",경상북도 구미시 형곡동 187-5 1층 
일반음식점,카페가토,"경상북도 구미시 옥계북로 7, 2층 (옥계동)",경상북도 구미시 옥계동 890-1 2층 
일반음식점,카페루비,"경상북도 구미시 역전로4길 5, 1층 (원평동)",경상북도 구미시 원평동 188-53 1층 
일반음식점,뮤직카페풍금,"경상북도 구미시 봉곡서로 42, 1층 (봉곡동)",경상북도 구미시 봉곡동 186-1 1층 
일반음식점,머루랑다래랑카페앤공방,"경상북도 구미시 해평면 도리사로 403-2, 2층",경상북도 구미시 해평면 송곡리 398-5 2층 
일반음식점,우리카페,"경상북도 구미시 선산읍 선산중앙로16길 4-1, 7동 1,2층","경상북도 구미시 선산읍 완전리 38-3 1,2층 7동 "
일반음식점,카페율,"경상북도 구미시 산동읍 신당인덕1로 131, 중흥에스-클래스에코시티 상가1동 1층 102호",경상북도 구미시 산동읍 인덕리 1107 중흥에스-클래스에코시티 1층 상가1동 102호
일반음식점,코끼리카페,"경상북도 구미시 1공단로 186-15, 1층 (공단동)",경상북도 구미시 공단동 264-15 1층 
일반음식점,시장카페,"경상북도 구미시 선산읍 남문로 19-26, 선산시장 B동 1-4호",경상북도 구미시 선산읍 완전리 253 선산시장 B동 1-4호 
일반음식점,수카페,"경상북도 구미시 장천면 강동로 193-8, 1동 1층",경상북도 구미시 장천면 상장리 900-1 1층 1동 
일반음식점,투데이카페,"경상북도 구미시 금오산로 33, `1층 (원평동)",경상북도 구미시 원평동 336-15 1층 
일반음식점,금오산보리밥앤카페,"경상북도 구미시 금오산로 186, 1층 (남통동)",경상북도 구미시 남통동 414-95 1층 
제과점영업,빵선수베이커리카페,경상북도 구미시 선산읍 단계동길 68,경상북도 구미시 선산읍 완전리 85-1 
제과점영업,카페데니쉬,"경상북도 구미시 상사동로28길 9, 201동 1층 106호 (사곡동, 보성2차황실타운)",경상북도 구미시 사곡동 656-9 보성2차황실타운 1층 201동 106호
제과점영업,카페다미,"경상북도 구미시 선산읍 동교5길 20, 1층",경상북도 구미시 선산읍 교리 1156-4 1층 
